{
  "ABIRoot": {
    "kind": "Root",
    "name": "SwiftCompilerPlugin",
    "printedName": "SwiftCompilerPlugin",
    "children": [
      {
        "kind": "Import",
        "name": "SwiftSyntaxMacros",
        "printedName": "SwiftSyntaxMacros",
        "declKind": "Import",
        "moduleName": "SwiftCompilerPlugin"
      },
      {
        "kind": "Import",
        "name": "SwiftCompilerPluginMessageHandling",
        "printedName": "SwiftCompilerPluginMessageHandling",
        "declKind": "Import",
        "moduleName": "SwiftCompilerPlugin",
        "declAttributes": [
          "SPIAccessControl"
        ]
      },
      {
        "kind": "TypeDecl",
        "name": "CompilerPlugin",
        "printedName": "CompilerPlugin",
        "children": [
          {
            "kind": "Constructor",
            "name": "init",
            "printedName": "init()",
            "children": [
              {
                "kind": "TypeNominal",
                "name": "GenericTypeParam",
                "printedName": "τ_0_0"
              }
            ],
            "declKind": "Constructor",
            "usr": "s:19SwiftCompilerPlugin0bC0Pxycfc",
            "mangledName": "$s19SwiftCompilerPlugin0bC0Pxycfc",
            "moduleName": "SwiftCompilerPlugin",
            "genericSig": "<τ_0_0 where τ_0_0 : SwiftCompilerPlugin.CompilerPlugin>",
            "sugared_genericSig": "<Self where Self : SwiftCompilerPlugin.CompilerPlugin>",
            "protocolReq": true,
            "reqNewWitnessTableEntry": true,
            "init_kind": "Designated"
          },
          {
            "kind": "Var",
            "name": "providingMacros",
            "printedName": "providingMacros",
            "children": [
              {
                "kind": "TypeNominal",
                "name": "Array",
                "printedName": "[any SwiftSyntaxMacros.Macro.Type]",
                "children": [
                  {
                    "kind": "TypeNominal",
                    "name": "ExistentialMetatype",
                    "printedName": "any SwiftSyntaxMacros.Macro.Type",
                    "children": [
                      {
                        "kind": "TypeNominal",
                        "name": "Macro",
                        "printedName": "SwiftSyntaxMacros.Macro",
                        "usr": "s:17SwiftSyntaxMacros5MacroP"
                      }
                    ]
                  }
                ],
                "usr": "s:Sa"
              }
            ],
            "declKind": "Var",
            "usr": "s:19SwiftCompilerPlugin0bC0P15providingMacrosSay0a6SyntaxE05Macro_pXpGvp",
            "mangledName": "$s19SwiftCompilerPlugin0bC0P15providingMacrosSay0a6SyntaxE05Macro_pXpGvp",
            "moduleName": "SwiftCompilerPlugin",
            "protocolReq": true,
            "accessors": [
              {
                "kind": "Accessor",
                "name": "Get",
                "printedName": "Get()",
                "children": [
                  {
                    "kind": "TypeNominal",
                    "name": "Array",
                    "printedName": "[any SwiftSyntaxMacros.Macro.Type]",
                    "children": [
                      {
                        "kind": "TypeNominal",
                        "name": "ExistentialMetatype",
                        "printedName": "any SwiftSyntaxMacros.Macro.Type",
                        "children": [
                          {
                            "kind": "TypeNominal",
                            "name": "Macro",
                            "printedName": "SwiftSyntaxMacros.Macro",
                            "usr": "s:17SwiftSyntaxMacros5MacroP"
                          }
                        ]
                      }
                    ],
                    "usr": "s:Sa"
                  }
                ],
                "declKind": "Accessor",
                "usr": "s:19SwiftCompilerPlugin0bC0P15providingMacrosSay0a6SyntaxE05Macro_pXpGvg",
                "mangledName": "$s19SwiftCompilerPlugin0bC0P15providingMacrosSay0a6SyntaxE05Macro_pXpGvg",
                "moduleName": "SwiftCompilerPlugin",
                "genericSig": "<τ_0_0 where τ_0_0 : SwiftCompilerPlugin.CompilerPlugin>",
                "sugared_genericSig": "<Self where Self : SwiftCompilerPlugin.CompilerPlugin>",
                "protocolReq": true,
                "reqNewWitnessTableEntry": true,
                "accessorKind": "get"
              }
            ]
          },
          {
            "kind": "Function",
            "name": "resolveMacro",
            "printedName": "resolveMacro(moduleName:typeName:)",
            "children": [
              {
                "kind": "TypeNominal",
                "name": "ExistentialMetatype",
                "printedName": "any SwiftSyntaxMacros.Macro.Type",
                "children": [
                  {
                    "kind": "TypeNominal",
                    "name": "Macro",
                    "printedName": "SwiftSyntaxMacros.Macro",
                    "usr": "s:17SwiftSyntaxMacros5MacroP"
                  }
                ]
              },
              {
                "kind": "TypeNominal",
                "name": "String",
                "printedName": "Swift.String",
                "usr": "s:SS"
              },
              {
                "kind": "TypeNominal",
                "name": "String",
                "printedName": "Swift.String",
                "usr": "s:SS"
              }
            ],
            "declKind": "Func",
            "usr": "s:19SwiftCompilerPlugin0bC0PAAE12resolveMacro10moduleName04typeG00A12SyntaxMacros0E0_pXpSS_SStKF",
            "mangledName": "$s19SwiftCompilerPlugin0bC0PAAE12resolveMacro10moduleName04typeG00A12SyntaxMacros0E0_pXpSS_SStKF",
            "moduleName": "SwiftCompilerPlugin",
            "genericSig": "<τ_0_0 where τ_0_0 : SwiftCompilerPlugin.CompilerPlugin>",
            "sugared_genericSig": "<Self where Self : SwiftCompilerPlugin.CompilerPlugin>",
            "declAttributes": [
              "AccessControl",
              "SPIAccessControl"
            ],
            "isFromExtension": true,
            "spi_group_names": [
              "Testing"
            ],
            "throwing": true,
            "funcSelfKind": "NonMutating"
          },
          {
            "kind": "Function",
            "name": "main",
            "printedName": "main()",
            "children": [
              {
                "kind": "TypeNominal",
                "name": "Void",
                "printedName": "()"
              }
            ],
            "declKind": "Func",
            "usr": "s:19SwiftCompilerPlugin0bC0PAAE4mainyyKFZ",
            "mangledName": "$s19SwiftCompilerPlugin0bC0PAAE4mainyyKFZ",
            "moduleName": "SwiftCompilerPlugin",
            "genericSig": "<τ_0_0 where τ_0_0 : SwiftCompilerPlugin.CompilerPlugin>",
            "sugared_genericSig": "<Self where Self : SwiftCompilerPlugin.CompilerPlugin>",
            "static": true,
            "declAttributes": [
              "AccessControl",
              "RawDocComment"
            ],
            "isFromExtension": true,
            "throwing": true,
            "funcSelfKind": "NonMutating"
          }
        ],
        "declKind": "Protocol",
        "usr": "s:19SwiftCompilerPlugin0bC0P",
        "mangledName": "$s19SwiftCompilerPlugin0bC0P",
        "moduleName": "SwiftCompilerPlugin",
        "declAttributes": [
          "AccessControl",
          "RawDocComment"
        ],
        "conformances": [
          {
            "kind": "Conformance",
            "name": "Escapable",
            "printedName": "Escapable",
            "usr": "s:s9EscapableP",
            "mangledName": "$ss9EscapableP"
          },
          {
            "kind": "Conformance",
            "name": "Copyable",
            "printedName": "Copyable",
            "usr": "s:s8CopyableP",
            "mangledName": "$ss8CopyableP"
          }
        ]
      },
      {
        "kind": "TypeDecl",
        "name": "CompilerPluginError",
        "printedName": "CompilerPluginError",
        "children": [
          {
            "kind": "Var",
            "name": "description",
            "printedName": "description",
            "children": [
              {
                "kind": "TypeNominal",
                "name": "String",
                "printedName": "Swift.String",
                "usr": "s:SS"
              }
            ],
            "declKind": "Var",
            "usr": "s:19SwiftCompilerPlugin0bC5ErrorV11descriptionSSvp",
            "mangledName": "$s19SwiftCompilerPlugin0bC5ErrorV11descriptionSSvp",
            "moduleName": "SwiftCompilerPlugin",
            "declAttributes": [
              "HasStorage"
            ],
            "fixedbinaryorder": 0,
            "hasStorage": true,
            "accessors": [
              {
                "kind": "Accessor",
                "name": "Get",
                "printedName": "Get()",
                "children": [
                  {
                    "kind": "TypeNominal",
                    "name": "String",
                    "printedName": "Swift.String",
                    "usr": "s:SS"
                  }
                ],
                "declKind": "Accessor",
                "usr": "s:19SwiftCompilerPlugin0bC5ErrorV11descriptionSSvg",
                "mangledName": "$s19SwiftCompilerPlugin0bC5ErrorV11descriptionSSvg",
                "moduleName": "SwiftCompilerPlugin",
                "implicit": true,
                "declAttributes": [
                  "Transparent"
                ],
                "accessorKind": "get"
              },
              {
                "kind": "Accessor",
                "name": "Set",
                "printedName": "Set()",
                "children": [
                  {
                    "kind": "TypeNominal",
                    "name": "Void",
                    "printedName": "()"
                  },
                  {
                    "kind": "TypeNominal",
                    "name": "String",
                    "printedName": "Swift.String",
                    "usr": "s:SS"
                  }
                ],
                "declKind": "Accessor",
                "usr": "s:19SwiftCompilerPlugin0bC5ErrorV11descriptionSSvs",
                "mangledName": "$s19SwiftCompilerPlugin0bC5ErrorV11descriptionSSvs",
                "moduleName": "SwiftCompilerPlugin",
                "implicit": true,
                "declAttributes": [
                  "Transparent"
                ],
                "accessorKind": "set"
              },
              {
                "kind": "Accessor",
                "name": "Modify",
                "printedName": "Modify()",
                "children": [
                  {
                    "kind": "TypeNominal",
                    "name": "Void",
                    "printedName": "()"
                  }
                ],
                "declKind": "Accessor",
                "usr": "s:19SwiftCompilerPlugin0bC5ErrorV11descriptionSSvM",
                "mangledName": "$s19SwiftCompilerPlugin0bC5ErrorV11descriptionSSvM",
                "moduleName": "SwiftCompilerPlugin",
                "implicit": true,
                "declAttributes": [
                  "Transparent"
                ],
                "accessorKind": "_modify"
              }
            ]
          },
          {
            "kind": "Constructor",
            "name": "init",
            "printedName": "init(message:)",
            "children": [
              {
                "kind": "TypeNominal",
                "name": "CompilerPluginError",
                "printedName": "SwiftCompilerPlugin.CompilerPluginError",
                "usr": "s:19SwiftCompilerPlugin0bC5ErrorV"
              },
              {
                "kind": "TypeNominal",
                "name": "String",
                "printedName": "Swift.String",
                "usr": "s:SS"
              }
            ],
            "declKind": "Constructor",
            "usr": "s:19SwiftCompilerPlugin0bC5ErrorV7messageACSS_tcfc",
            "mangledName": "$s19SwiftCompilerPlugin0bC5ErrorV7messageACSS_tcfc",
            "moduleName": "SwiftCompilerPlugin",
            "init_kind": "Designated"
          }
        ],
        "declKind": "Struct",
        "usr": "s:19SwiftCompilerPlugin0bC5ErrorV",
        "mangledName": "$s19SwiftCompilerPlugin0bC5ErrorV",
        "moduleName": "SwiftCompilerPlugin",
        "conformances": [
          {
            "kind": "Conformance",
            "name": "Copyable",
            "printedName": "Copyable",
            "usr": "s:s8CopyableP",
            "mangledName": "$ss8CopyableP"
          },
          {
            "kind": "Conformance",
            "name": "Escapable",
            "printedName": "Escapable",
            "usr": "s:s9EscapableP",
            "mangledName": "$ss9EscapableP"
          },
          {
            "kind": "Conformance",
            "name": "Error",
            "printedName": "Error",
            "usr": "s:s5ErrorP",
            "mangledName": "$ss5ErrorP"
          },
          {
            "kind": "Conformance",
            "name": "CustomStringConvertible",
            "printedName": "CustomStringConvertible",
            "usr": "s:s23CustomStringConvertibleP",
            "mangledName": "$ss23CustomStringConvertibleP"
          },
          {
            "kind": "Conformance",
            "name": "Sendable",
            "printedName": "Sendable",
            "usr": "s:s8SendableP",
            "mangledName": "$ss8SendableP"
          }
        ]
      },
      {
        "kind": "TypeDecl",
        "name": "MacroProviderAdapter",
        "printedName": "MacroProviderAdapter",
        "children": [
          {
            "kind": "Var",
            "name": "plugin",
            "printedName": "plugin",
            "children": [
              {
                "kind": "TypeNominal",
                "name": "GenericTypeParam",
                "printedName": "τ_0_0"
              }
            ],
            "declKind": "Var",
            "usr": "s:19SwiftCompilerPlugin20MacroProviderAdapterV6pluginxvp",
            "mangledName": "$s19SwiftCompilerPlugin20MacroProviderAdapterV6pluginxvp",
            "moduleName": "SwiftCompilerPlugin",
            "declAttributes": [
              "HasStorage"
            ],
            "fixedbinaryorder": 0,
            "isLet": true,
            "hasStorage": true,
            "accessors": [
              {
                "kind": "Accessor",
                "name": "Get",
                "printedName": "Get()",
                "children": [
                  {
                    "kind": "TypeNominal",
                    "name": "GenericTypeParam",
                    "printedName": "τ_0_0"
                  }
                ],
                "declKind": "Accessor",
                "usr": "s:19SwiftCompilerPlugin20MacroProviderAdapterV6pluginxvg",
                "mangledName": "$s19SwiftCompilerPlugin20MacroProviderAdapterV6pluginxvg",
                "moduleName": "SwiftCompilerPlugin",
                "genericSig": "<τ_0_0 where τ_0_0 : SwiftCompilerPlugin.CompilerPlugin>",
                "sugared_genericSig": "<Plugin where Plugin : SwiftCompilerPlugin.CompilerPlugin>",
                "implicit": true,
                "declAttributes": [
                  "Transparent"
                ],
                "accessorKind": "get"
              }
            ]
          },
          {
            "kind": "Constructor",
            "name": "init",
            "printedName": "init(plugin:)",
            "children": [
              {
                "kind": "TypeNominal",
                "name": "MacroProviderAdapter",
                "printedName": "SwiftCompilerPlugin.MacroProviderAdapter<τ_0_0>",
                "children": [
                  {
                    "kind": "TypeNominal",
                    "name": "GenericTypeParam",
                    "printedName": "τ_0_0"
                  }
                ],
                "usr": "s:19SwiftCompilerPlugin20MacroProviderAdapterV"
              },
              {
                "kind": "TypeNominal",
                "name": "GenericTypeParam",
                "printedName": "τ_0_0"
              }
            ],
            "declKind": "Constructor",
            "usr": "s:19SwiftCompilerPlugin20MacroProviderAdapterV6pluginACyxGx_tcfc",
            "mangledName": "$s19SwiftCompilerPlugin20MacroProviderAdapterV6pluginACyxGx_tcfc",
            "moduleName": "SwiftCompilerPlugin",
            "genericSig": "<τ_0_0 where τ_0_0 : SwiftCompilerPlugin.CompilerPlugin>",
            "sugared_genericSig": "<Plugin where Plugin : SwiftCompilerPlugin.CompilerPlugin>",
            "init_kind": "Designated"
          },
          {
            "kind": "Function",
            "name": "resolveMacro",
            "printedName": "resolveMacro(moduleName:typeName:)",
            "children": [
              {
                "kind": "TypeNominal",
                "name": "ExistentialMetatype",
                "printedName": "any SwiftSyntaxMacros.Macro.Type",
                "children": [
                  {
                    "kind": "TypeNominal",
                    "name": "Macro",
                    "printedName": "SwiftSyntaxMacros.Macro",
                    "usr": "s:17SwiftSyntaxMacros5MacroP"
                  }
                ]
              },
              {
                "kind": "TypeNominal",
                "name": "String",
                "printedName": "Swift.String",
                "usr": "s:SS"
              },
              {
                "kind": "TypeNominal",
                "name": "String",
                "printedName": "Swift.String",
                "usr": "s:SS"
              }
            ],
            "declKind": "Func",
            "usr": "s:19SwiftCompilerPlugin20MacroProviderAdapterV07resolveD010moduleName04typeI00A12SyntaxMacros0D0_pXpSS_SStKF",
            "mangledName": "$s19SwiftCompilerPlugin20MacroProviderAdapterV07resolveD010moduleName04typeI00A12SyntaxMacros0D0_pXpSS_SStKF",
            "moduleName": "SwiftCompilerPlugin",
            "genericSig": "<τ_0_0 where τ_0_0 : SwiftCompilerPlugin.CompilerPlugin>",
            "sugared_genericSig": "<Plugin where Plugin : SwiftCompilerPlugin.CompilerPlugin>",
            "throwing": true,
            "funcSelfKind": "NonMutating"
          }
        ],
        "declKind": "Struct",
        "usr": "s:19SwiftCompilerPlugin20MacroProviderAdapterV",
        "mangledName": "$s19SwiftCompilerPlugin20MacroProviderAdapterV",
        "moduleName": "SwiftCompilerPlugin",
        "genericSig": "<τ_0_0 where τ_0_0 : SwiftCompilerPlugin.CompilerPlugin>",
        "sugared_genericSig": "<Plugin where Plugin : SwiftCompilerPlugin.CompilerPlugin>",
        "conformances": [
          {
            "kind": "Conformance",
            "name": "Copyable",
            "printedName": "Copyable",
            "usr": "s:s8CopyableP",
            "mangledName": "$ss8CopyableP"
          },
          {
            "kind": "Conformance",
            "name": "Escapable",
            "printedName": "Escapable",
            "usr": "s:s9EscapableP",
            "mangledName": "$ss9EscapableP"
          },
          {
            "kind": "Conformance",
            "name": "PluginProvider",
            "printedName": "PluginProvider",
            "usr": "s:34SwiftCompilerPluginMessageHandling0C8ProviderP",
            "mangledName": "$s34SwiftCompilerPluginMessageHandling0C8ProviderP"
          },
          {
            "kind": "Conformance",
            "name": "Sendable",
            "printedName": "Sendable",
            "usr": "s:s8SendableP",
            "mangledName": "$ss8SendableP"
          }
        ]
      }
    ],
    "json_format_version": 8
  },
  "ConstValues": []
}