{
  "ABIRoot": {
    "kind": "Root",
    "name": "TopLevel",
    "printedName": "TopLevel",
    "children": [
      {
        "kind": "Import",
        "name": "SwiftSyntaxMacros",
        "printedName": "SwiftSyntaxMacros",
        "declKind": "Import",
        "moduleName": "SwiftCompilerPlugin",
        "declAttributes": [
          "RawDocComment"
        ]
      },
      {
        "kind": "Import",
        "name": "Foundation",
        "printedName": "Foundation",
        "declKind": "Import",
        "moduleName": "SwiftCompilerPlugin"
      },
      {
        "kind": "Import",
        "name": "SwiftCompilerPluginMessageHandling",
        "printedName": "SwiftCompilerPluginMessageHandling",
        "declKind": "Import",
        "moduleName": "SwiftCompilerPlugin"
      },
      {
        "kind": "TypeDecl",
        "name": "CompilerPlugin",
        "printedName": "CompilerPlugin",
        "children": [
          {
            "kind": "Constructor",
            "name": "init",
            "printedName": "init()",
            "children": [
              {
                "kind": "TypeNominal",
                "name": "GenericTypeParam",
                "printedName": "τ_0_0"
              }
            ],
            "declKind": "Constructor",
            "usr": "s:19SwiftCompilerPlugin0bC0Pxycfc",
            "mangledName": "$s19SwiftCompilerPlugin0bC0Pxycfc",
            "moduleName": "SwiftCompilerPlugin",
            "genericSig": "<τ_0_0 where τ_0_0 : SwiftCompilerPlugin.CompilerPlugin>",
            "sugared_genericSig": "<Self where Self : SwiftCompilerPlugin.CompilerPlugin>",
            "protocolReq": true,
            "reqNewWitnessTableEntry": true,
            "init_kind": "Designated"
          },
          {
            "kind": "Var",
            "name": "providingMacros",
            "printedName": "providingMacros",
            "children": [
              {
                "kind": "TypeNominal",
                "name": "Array",
                "printedName": "[SwiftSyntaxMacros.Macro.Type]",
                "children": [
                  {
                    "kind": "TypeNominal",
                    "name": "ExistentialMetatype",
                    "printedName": "SwiftSyntaxMacros.Macro.Type",
                    "children": [
                      {
                        "kind": "TypeNominal",
                        "name": "Macro",
                        "printedName": "SwiftSyntaxMacros.Macro",
                        "usr": "s:17SwiftSyntaxMacros5MacroP"
                      }
                    ]
                  }
                ],
                "usr": "s:Sa"
              }
            ],
            "declKind": "Var",
            "usr": "s:19SwiftCompilerPlugin0bC0P15providingMacrosSay0a6SyntaxE05Macro_pXpGvp",
            "mangledName": "$s19SwiftCompilerPlugin0bC0P15providingMacrosSay0a6SyntaxE05Macro_pXpGvp",
            "moduleName": "SwiftCompilerPlugin",
            "protocolReq": true,
            "accessors": [
              {
                "kind": "Accessor",
                "name": "Get",
                "printedName": "Get()",
                "children": [
                  {
                    "kind": "TypeNominal",
                    "name": "Array",
                    "printedName": "[SwiftSyntaxMacros.Macro.Type]",
                    "children": [
                      {
                        "kind": "TypeNominal",
                        "name": "ExistentialMetatype",
                        "printedName": "SwiftSyntaxMacros.Macro.Type",
                        "children": [
                          {
                            "kind": "TypeNominal",
                            "name": "Macro",
                            "printedName": "SwiftSyntaxMacros.Macro",
                            "usr": "s:17SwiftSyntaxMacros5MacroP"
                          }
                        ]
                      }
                    ],
                    "usr": "s:Sa"
                  }
                ],
                "declKind": "Accessor",
                "usr": "s:19SwiftCompilerPlugin0bC0P15providingMacrosSay0a6SyntaxE05Macro_pXpGvg",
                "mangledName": "$s19SwiftCompilerPlugin0bC0P15providingMacrosSay0a6SyntaxE05Macro_pXpGvg",
                "moduleName": "SwiftCompilerPlugin",
                "genericSig": "<τ_0_0 where τ_0_0 : SwiftCompilerPlugin.CompilerPlugin>",
                "sugared_genericSig": "<Self where Self : SwiftCompilerPlugin.CompilerPlugin>",
                "protocolReq": true,
                "reqNewWitnessTableEntry": true,
                "accessorKind": "get"
              }
            ]
          },
          {
            "kind": "Function",
            "name": "_resolveMacro",
            "printedName": "_resolveMacro(moduleName:typeName:)",
            "children": [
              {
                "kind": "TypeNominal",
                "name": "Optional",
                "printedName": "SwiftSyntaxMacros.Macro.Type?",
                "children": [
                  {
                    "kind": "TypeNominal",
                    "name": "ExistentialMetatype",
                    "printedName": "SwiftSyntaxMacros.Macro.Type",
                    "children": [
                      {
                        "kind": "TypeNominal",
                        "name": "Macro",
                        "printedName": "SwiftSyntaxMacros.Macro",
                        "usr": "s:17SwiftSyntaxMacros5MacroP"
                      }
                    ]
                  }
                ],
                "usr": "s:Sq"
              },
              {
                "kind": "TypeNominal",
                "name": "String",
                "printedName": "Swift.String",
                "usr": "s:SS"
              },
              {
                "kind": "TypeNominal",
                "name": "String",
                "printedName": "Swift.String",
                "usr": "s:SS"
              }
            ],
            "declKind": "Func",
            "usr": "s:19SwiftCompilerPlugin0bC0PAAE13_resolveMacro10moduleName04typeG00A12SyntaxMacros0E0_pXpSgSS_SStF",
            "mangledName": "$s19SwiftCompilerPlugin0bC0PAAE13_resolveMacro10moduleName04typeG00A12SyntaxMacros0E0_pXpSgSS_SStF",
            "moduleName": "SwiftCompilerPlugin",
            "genericSig": "<τ_0_0 where τ_0_0 : SwiftCompilerPlugin.CompilerPlugin>",
            "sugared_genericSig": "<Self where Self : SwiftCompilerPlugin.CompilerPlugin>",
            "declAttributes": [
              "AccessControl",
              "RawDocComment"
            ],
            "isFromExtension": true,
            "funcSelfKind": "NonMutating"
          },
          {
            "kind": "Function",
            "name": "main",
            "printedName": "main()",
            "children": [
              {
                "kind": "TypeNominal",
                "name": "Void",
                "printedName": "()"
              }
            ],
            "declKind": "Func",
            "usr": "s:19SwiftCompilerPlugin0bC0PAAE4mainyyKFZ",
            "mangledName": "$s19SwiftCompilerPlugin0bC0PAAE4mainyyKFZ",
            "moduleName": "SwiftCompilerPlugin",
            "genericSig": "<τ_0_0 where τ_0_0 : SwiftCompilerPlugin.CompilerPlugin>",
            "sugared_genericSig": "<Self where Self : SwiftCompilerPlugin.CompilerPlugin>",
            "static": true,
            "declAttributes": [
              "AccessControl",
              "RawDocComment"
            ],
            "isFromExtension": true,
            "throwing": true,
            "funcSelfKind": "NonMutating"
          }
        ],
        "declKind": "Protocol",
        "usr": "s:19SwiftCompilerPlugin0bC0P",
        "mangledName": "$s19SwiftCompilerPlugin0bC0P",
        "moduleName": "SwiftCompilerPlugin",
        "declAttributes": [
          "AccessControl",
          "RawDocComment"
        ]
      }
    ],
    "json_format_version": 8
  },
  "ConstValues": [
    {
      "filePath": "\/Users\/johnholdsworth\/Developer\/swift-syntax\/Sources\/SwiftCompilerPlugin\/CompilerPlugin.swift",
      "kind": "StringLiteral",
      "offset": 3030,
      "length": 27,
      "value": "\"\""
    },
    {
      "filePath": "\/Users\/johnholdsworth\/Developer\/swift-syntax\/Sources\/SwiftCompilerPlugin\/CompilerPlugin.swift",
      "kind": "StringLiteral",
      "offset": 3044,
      "length": 1,
      "value": "\".\""
    },
    {
      "filePath": "\/Users\/johnholdsworth\/Developer\/swift-syntax\/Sources\/SwiftCompilerPlugin\/CompilerPlugin.swift",
      "kind": "StringLiteral",
      "offset": 3056,
      "length": 1,
      "value": "\"\""
    },
    {
      "filePath": "\/Users\/johnholdsworth\/Developer\/swift-syntax\/Sources\/SwiftCompilerPlugin\/CompilerPlugin.swift",
      "kind": "IntegerLiteral",
      "offset": 4177,
      "length": 1,
      "value": "0"
    },
    {
      "filePath": "\/Users\/johnholdsworth\/Developer\/swift-syntax\/Sources\/SwiftCompilerPlugin\/CompilerPlugin.swift",
      "kind": "StringLiteral",
      "offset": 4206,
      "length": 57,
      "value": "\"Could not duplicate `stdin`: \""
    },
    {
      "filePath": "\/Users\/johnholdsworth\/Developer\/swift-syntax\/Sources\/SwiftCompilerPlugin\/CompilerPlugin.swift",
      "kind": "StringLiteral",
      "offset": 4261,
      "length": 1,
      "value": "\".\""
    },
    {
      "filePath": "\/Users\/johnholdsworth\/Developer\/swift-syntax\/Sources\/SwiftCompilerPlugin\/CompilerPlugin.swift",
      "kind": "IntegerLiteral",
      "offset": 4520,
      "length": 1,
      "value": "0"
    },
    {
      "filePath": "\/Users\/johnholdsworth\/Developer\/swift-syntax\/Sources\/SwiftCompilerPlugin\/CompilerPlugin.swift",
      "kind": "StringLiteral",
      "offset": 4549,
      "length": 53,
      "value": "\"Could not close `stdin`: \""
    },
    {
      "filePath": "\/Users\/johnholdsworth\/Developer\/swift-syntax\/Sources\/SwiftCompilerPlugin\/CompilerPlugin.swift",
      "kind": "StringLiteral",
      "offset": 4600,
      "length": 1,
      "value": "\".\""
    },
    {
      "filePath": "\/Users\/johnholdsworth\/Developer\/swift-syntax\/Sources\/SwiftCompilerPlugin\/CompilerPlugin.swift",
      "kind": "IntegerLiteral",
      "offset": 4790,
      "length": 1,
      "value": "0"
    },
    {
      "filePath": "\/Users\/johnholdsworth\/Developer\/swift-syntax\/Sources\/SwiftCompilerPlugin\/CompilerPlugin.swift",
      "kind": "StringLiteral",
      "offset": 4819,
      "length": 52,
      "value": "\"Could not dup `stdout`: \""
    },
    {
      "filePath": "\/Users\/johnholdsworth\/Developer\/swift-syntax\/Sources\/SwiftCompilerPlugin\/CompilerPlugin.swift",
      "kind": "StringLiteral",
      "offset": 4869,
      "length": 1,
      "value": "\".\""
    },
    {
      "filePath": "\/Users\/johnholdsworth\/Developer\/swift-syntax\/Sources\/SwiftCompilerPlugin\/CompilerPlugin.swift",
      "kind": "IntegerLiteral",
      "offset": 5079,
      "length": 1,
      "value": "0"
    },
    {
      "filePath": "\/Users\/johnholdsworth\/Developer\/swift-syntax\/Sources\/SwiftCompilerPlugin\/CompilerPlugin.swift",
      "kind": "StringLiteral",
      "offset": 5108,
      "length": 65,
      "value": "\"Could not dup2 `stdout` to `stderr`: \""
    },
    {
      "filePath": "\/Users\/johnholdsworth\/Developer\/swift-syntax\/Sources\/SwiftCompilerPlugin\/CompilerPlugin.swift",
      "kind": "StringLiteral",
      "offset": 5171,
      "length": 1,
      "value": "\".\""
    },
    {
      "filePath": "\/Users\/johnholdsworth\/Developer\/swift-syntax\/Sources\/SwiftCompilerPlugin\/CompilerPlugin.swift",
      "kind": "IntegerLiteral",
      "offset": 5631,
      "length": 1,
      "value": "0"
    },
    {
      "filePath": "\/Users\/johnholdsworth\/Developer\/swift-syntax\/Sources\/SwiftCompilerPlugin\/CompilerPlugin.swift",
      "kind": "StringLiteral",
      "offset": 6481,
      "length": 30,
      "value": "\"Internal Error: \""
    },
    {
      "filePath": "\/Users\/johnholdsworth\/Developer\/swift-syntax\/Sources\/SwiftCompilerPlugin\/CompilerPlugin.swift",
      "kind": "StringLiteral",
      "offset": 6508,
      "length": 1,
      "value": "\"\n\""
    },
    {
      "filePath": "\/Users\/johnholdsworth\/Developer\/swift-syntax\/Sources\/SwiftCompilerPlugin\/CompilerPlugin.swift",
      "kind": "IntegerLiteral",
      "offset": 6530,
      "length": 1,
      "value": "1"
    },
    {
      "filePath": "\/Users\/johnholdsworth\/Developer\/swift-syntax\/Sources\/SwiftCompilerPlugin\/CompilerPlugin.swift",
      "kind": "IntegerLiteral",
      "offset": 7299,
      "length": 1,
      "value": "8"
    },
    {
      "filePath": "\/Users\/johnholdsworth\/Developer\/swift-syntax\/Sources\/SwiftCompilerPlugin\/CompilerPlugin.swift",
      "kind": "IntegerLiteral",
      "offset": 7652,
      "length": 1,
      "value": "8"
    },
    {
      "filePath": "\/Users\/johnholdsworth\/Developer\/swift-syntax\/Sources\/SwiftCompilerPlugin\/CompilerPlugin.swift",
      "kind": "IntegerLiteral",
      "offset": 7678,
      "length": 1,
      "value": "0"
    },
    {
      "filePath": "\/Users\/johnholdsworth\/Developer\/swift-syntax\/Sources\/SwiftCompilerPlugin\/CompilerPlugin.swift",
      "kind": "IntegerLiteral",
      "offset": 7740,
      "length": 1,
      "value": "8"
    },
    {
      "filePath": "\/Users\/johnholdsworth\/Developer\/swift-syntax\/Sources\/SwiftCompilerPlugin\/CompilerPlugin.swift",
      "kind": "IntegerLiteral",
      "offset": 7947,
      "length": 1,
      "value": "2"
    },
    {
      "filePath": "\/Users\/johnholdsworth\/Developer\/swift-syntax\/Sources\/SwiftCompilerPlugin\/CompilerPlugin.swift",
      "kind": "IntegerLiteral",
      "offset": 8913,
      "length": 1,
      "value": "8"
    }
  ]
}