{
  "ABIRoot": {
    "kind": "Root",
    "name": "TopLevel",
    "printedName": "TopLevel",
    "children": [
      {
        "kind": "Import",
        "name": "SwiftSyntax",
        "printedName": "SwiftSyntax",
        "declKind": "Import",
        "moduleName": "SwiftBasicFormat",
        "declAttributes": [
          "SPIAccessControl",
          "RawDocComment"
        ]
      },
      {
        "kind": "TypeDecl",
        "name": "BasicFormat",
        "printedName": "BasicFormat",
        "children": [
          {
            "kind": "Var",
            "name": "indentationWidth",
            "printedName": "indentationWidth",
            "children": [
              {
                "kind": "TypeNominal",
                "name": "Trivia",
                "printedName": "SwiftSyntax.Trivia",
                "usr": "s:11SwiftSyntax6TriviaV"
              }
            ],
            "declKind": "Var",
            "usr": "s:16SwiftBasicFormat0bC0C16indentationWidth0A6Syntax6TriviaVvp",
            "mangledName": "$s16SwiftBasicFormat0bC0C16indentationWidth0A6Syntax6TriviaVvp",
            "moduleName": "SwiftBasicFormat",
            "declAttributes": [
              "Final",
              "HasStorage",
              "AccessControl",
              "RawDocComment"
            ],
            "isLet": true,
            "hasStorage": true,
            "accessors": [
              {
                "kind": "Accessor",
                "name": "Get",
                "printedName": "Get()",
                "children": [
                  {
                    "kind": "TypeNominal",
                    "name": "Trivia",
                    "printedName": "SwiftSyntax.Trivia",
                    "usr": "s:11SwiftSyntax6TriviaV"
                  }
                ],
                "declKind": "Accessor",
                "usr": "s:16SwiftBasicFormat0bC0C16indentationWidth0A6Syntax6TriviaVvg",
                "mangledName": "$s16SwiftBasicFormat0bC0C16indentationWidth0A6Syntax6TriviaVvg",
                "moduleName": "SwiftBasicFormat",
                "implicit": true,
                "declAttributes": [
                  "Final"
                ],
                "accessorKind": "get"
              }
            ]
          },
          {
            "kind": "Var",
            "name": "indentationStack",
            "printedName": "indentationStack",
            "children": [
              {
                "kind": "TypeNominal",
                "name": "Array",
                "printedName": "[(indentation: SwiftSyntax.Trivia, isUserDefined: Swift.Bool)]",
                "children": [
                  {
                    "kind": "TypeNominal",
                    "name": "Tuple",
                    "printedName": "(indentation: SwiftSyntax.Trivia, isUserDefined: Swift.Bool)",
                    "children": [
                      {
                        "kind": "TypeNominal",
                        "name": "Trivia",
                        "printedName": "SwiftSyntax.Trivia",
                        "usr": "s:11SwiftSyntax6TriviaV"
                      },
                      {
                        "kind": "TypeNominal",
                        "name": "Bool",
                        "printedName": "Swift.Bool",
                        "usr": "s:Sb"
                      }
                    ]
                  }
                ],
                "usr": "s:Sa"
              }
            ],
            "declKind": "Var",
            "usr": "s:16SwiftBasicFormat0bC0C16indentationStackSay0A6Syntax6TriviaV0D0_Sb13isUserDefinedtGvp",
            "mangledName": "$s16SwiftBasicFormat0bC0C16indentationStackSay0A6Syntax6TriviaV0D0_Sb13isUserDefinedtGvp",
            "moduleName": "SwiftBasicFormat",
            "isOpen": true,
            "declAttributes": [
              "HasStorage",
              "AccessControl",
              "RawDocComment"
            ],
            "hasStorage": true,
            "accessors": [
              {
                "kind": "Accessor",
                "name": "Get",
                "printedName": "Get()",
                "children": [
                  {
                    "kind": "TypeNominal",
                    "name": "Array",
                    "printedName": "[(indentation: SwiftSyntax.Trivia, isUserDefined: Swift.Bool)]",
                    "children": [
                      {
                        "kind": "TypeNominal",
                        "name": "Tuple",
                        "printedName": "(indentation: SwiftSyntax.Trivia, isUserDefined: Swift.Bool)",
                        "children": [
                          {
                            "kind": "TypeNominal",
                            "name": "Trivia",
                            "printedName": "SwiftSyntax.Trivia",
                            "usr": "s:11SwiftSyntax6TriviaV"
                          },
                          {
                            "kind": "TypeNominal",
                            "name": "Bool",
                            "printedName": "Swift.Bool",
                            "usr": "s:Sb"
                          }
                        ]
                      }
                    ],
                    "usr": "s:Sa"
                  }
                ],
                "declKind": "Accessor",
                "usr": "s:16SwiftBasicFormat0bC0C16indentationStackSay0A6Syntax6TriviaV0D0_Sb13isUserDefinedtGvg",
                "mangledName": "$s16SwiftBasicFormat0bC0C16indentationStackSay0A6Syntax6TriviaV0D0_Sb13isUserDefinedtGvg",
                "moduleName": "SwiftBasicFormat",
                "implicit": true,
                "isOpen": true,
                "accessorKind": "get"
              },
              {
                "kind": "Accessor",
                "name": "Set",
                "printedName": "Set()",
                "children": [
                  {
                    "kind": "TypeNominal",
                    "name": "Void",
                    "printedName": "()"
                  },
                  {
                    "kind": "TypeNominal",
                    "name": "Array",
                    "printedName": "[(indentation: SwiftSyntax.Trivia, isUserDefined: Swift.Bool)]",
                    "children": [
                      {
                        "kind": "TypeNominal",
                        "name": "Tuple",
                        "printedName": "(indentation: SwiftSyntax.Trivia, isUserDefined: Swift.Bool)",
                        "children": [
                          {
                            "kind": "TypeNominal",
                            "name": "Trivia",
                            "printedName": "SwiftSyntax.Trivia",
                            "usr": "s:11SwiftSyntax6TriviaV"
                          },
                          {
                            "kind": "TypeNominal",
                            "name": "Bool",
                            "printedName": "Swift.Bool",
                            "usr": "s:Sb"
                          }
                        ]
                      }
                    ],
                    "usr": "s:Sa"
                  }
                ],
                "declKind": "Accessor",
                "usr": "s:16SwiftBasicFormat0bC0C16indentationStackSay0A6Syntax6TriviaV0D0_Sb13isUserDefinedtGvs",
                "mangledName": "$s16SwiftBasicFormat0bC0C16indentationStackSay0A6Syntax6TriviaV0D0_Sb13isUserDefinedtGvs",
                "moduleName": "SwiftBasicFormat",
                "implicit": true,
                "isOpen": true,
                "accessorKind": "set"
              },
              {
                "kind": "Accessor",
                "name": "Modify",
                "printedName": "Modify()",
                "children": [
                  {
                    "kind": "TypeNominal",
                    "name": "Void",
                    "printedName": "()"
                  }
                ],
                "declKind": "Accessor",
                "usr": "s:16SwiftBasicFormat0bC0C16indentationStackSay0A6Syntax6TriviaV0D0_Sb13isUserDefinedtGvM",
                "mangledName": "$s16SwiftBasicFormat0bC0C16indentationStackSay0A6Syntax6TriviaV0D0_Sb13isUserDefinedtGvM",
                "moduleName": "SwiftBasicFormat",
                "implicit": true,
                "isOpen": true,
                "accessorKind": "_modify"
              }
            ]
          },
          {
            "kind": "Var",
            "name": "currentIndentationLevel",
            "printedName": "currentIndentationLevel",
            "children": [
              {
                "kind": "TypeNominal",
                "name": "Trivia",
                "printedName": "SwiftSyntax.Trivia",
                "usr": "s:11SwiftSyntax6TriviaV"
              }
            ],
            "declKind": "Var",
            "usr": "s:16SwiftBasicFormat0bC0C23currentIndentationLevel0A6Syntax6TriviaVvp",
            "mangledName": "$s16SwiftBasicFormat0bC0C23currentIndentationLevel0A6Syntax6TriviaVvp",
            "moduleName": "SwiftBasicFormat",
            "isOpen": true,
            "declAttributes": [
              "AccessControl",
              "RawDocComment"
            ],
            "accessors": [
              {
                "kind": "Accessor",
                "name": "Get",
                "printedName": "Get()",
                "children": [
                  {
                    "kind": "TypeNominal",
                    "name": "Trivia",
                    "printedName": "SwiftSyntax.Trivia",
                    "usr": "s:11SwiftSyntax6TriviaV"
                  }
                ],
                "declKind": "Accessor",
                "usr": "s:16SwiftBasicFormat0bC0C23currentIndentationLevel0A6Syntax6TriviaVvg",
                "mangledName": "$s16SwiftBasicFormat0bC0C23currentIndentationLevel0A6Syntax6TriviaVvg",
                "moduleName": "SwiftBasicFormat",
                "isOpen": true,
                "accessorKind": "get"
              }
            ]
          },
          {
            "kind": "Constructor",
            "name": "init",
            "printedName": "init(indentationWidth:initialIndentation:viewMode:)",
            "children": [
              {
                "kind": "TypeNominal",
                "name": "BasicFormat",
                "printedName": "SwiftBasicFormat.BasicFormat",
                "usr": "s:16SwiftBasicFormat0bC0C"
              },
              {
                "kind": "TypeNominal",
                "name": "Optional",
                "printedName": "SwiftSyntax.Trivia?",
                "children": [
                  {
                    "kind": "TypeNominal",
                    "name": "Trivia",
                    "printedName": "SwiftSyntax.Trivia",
                    "usr": "s:11SwiftSyntax6TriviaV"
                  }
                ],
                "hasDefaultArg": true,
                "usr": "s:Sq"
              },
              {
                "kind": "TypeNominal",
                "name": "Trivia",
                "printedName": "SwiftSyntax.Trivia",
                "hasDefaultArg": true,
                "usr": "s:11SwiftSyntax6TriviaV"
              },
              {
                "kind": "TypeNominal",
                "name": "SyntaxTreeViewMode",
                "printedName": "SwiftSyntax.SyntaxTreeViewMode",
                "hasDefaultArg": true,
                "usr": "s:11SwiftSyntax0B12TreeViewModeO"
              }
            ],
            "declKind": "Constructor",
            "usr": "s:16SwiftBasicFormat0bC0C16indentationWidth18initialIndentation8viewModeAC0A6Syntax6TriviaVSg_AiG0j8TreeViewI0Otcfc",
            "mangledName": "$s16SwiftBasicFormat0bC0C16indentationWidth18initialIndentation8viewModeAC0A6Syntax6TriviaVSg_AiG0j8TreeViewI0Otcfc",
            "moduleName": "SwiftBasicFormat",
            "declAttributes": [
              "AccessControl"
            ],
            "init_kind": "Designated"
          },
          {
            "kind": "Function",
            "name": "increaseIndentationLevel",
            "printedName": "increaseIndentationLevel(to:)",
            "children": [
              {
                "kind": "TypeNominal",
                "name": "Void",
                "printedName": "()"
              },
              {
                "kind": "TypeNominal",
                "name": "Optional",
                "printedName": "SwiftSyntax.Trivia?",
                "children": [
                  {
                    "kind": "TypeNominal",
                    "name": "Trivia",
                    "printedName": "SwiftSyntax.Trivia",
                    "usr": "s:11SwiftSyntax6TriviaV"
                  }
                ],
                "hasDefaultArg": true,
                "usr": "s:Sq"
              }
            ],
            "declKind": "Func",
            "usr": "s:16SwiftBasicFormat0bC0C24increaseIndentationLevel2toy0A6Syntax6TriviaVSg_tF",
            "mangledName": "$s16SwiftBasicFormat0bC0C24increaseIndentationLevel2toy0A6Syntax6TriviaVSg_tF",
            "moduleName": "SwiftBasicFormat",
            "isOpen": true,
            "declAttributes": [
              "AccessControl",
              "RawDocComment"
            ],
            "funcSelfKind": "NonMutating"
          },
          {
            "kind": "Function",
            "name": "decreaseIndentationLevel",
            "printedName": "decreaseIndentationLevel()",
            "children": [
              {
                "kind": "TypeNominal",
                "name": "Void",
                "printedName": "()"
              }
            ],
            "declKind": "Func",
            "usr": "s:16SwiftBasicFormat0bC0C24decreaseIndentationLevelyyF",
            "mangledName": "$s16SwiftBasicFormat0bC0C24decreaseIndentationLevelyyF",
            "moduleName": "SwiftBasicFormat",
            "isOpen": true,
            "declAttributes": [
              "AccessControl"
            ],
            "funcSelfKind": "NonMutating"
          },
          {
            "kind": "Function",
            "name": "visit",
            "printedName": "visit(_:)",
            "children": [
              {
                "kind": "TypeNominal",
                "name": "UnexpectedNodesSyntax",
                "printedName": "SwiftSyntax.UnexpectedNodesSyntax",
                "usr": "s:11SwiftSyntax015UnexpectedNodesB0V"
              },
              {
                "kind": "TypeNominal",
                "name": "UnexpectedNodesSyntax",
                "printedName": "SwiftSyntax.UnexpectedNodesSyntax",
                "usr": "s:11SwiftSyntax015UnexpectedNodesB0V"
              }
            ],
            "declKind": "Func",
            "usr": "s:16SwiftBasicFormat0bC0C5visity0A6Syntax015UnexpectedNodesE0VAGF",
            "mangledName": "$s16SwiftBasicFormat0bC0C5visity0A6Syntax015UnexpectedNodesE0VAGF",
            "moduleName": "SwiftBasicFormat",
            "overriding": true,
            "isOpen": true,
            "declAttributes": [
              "Override",
              "AccessControl"
            ],
            "funcSelfKind": "NonMutating"
          },
          {
            "kind": "Function",
            "name": "visitPre",
            "printedName": "visitPre(_:)",
            "children": [
              {
                "kind": "TypeNominal",
                "name": "Void",
                "printedName": "()"
              },
              {
                "kind": "TypeNominal",
                "name": "Syntax",
                "printedName": "SwiftSyntax.Syntax",
                "usr": "s:11SwiftSyntax0B0V"
              }
            ],
            "declKind": "Func",
            "usr": "s:16SwiftBasicFormat0bC0C8visitPreyy0A6Syntax0F0VF",
            "mangledName": "$s16SwiftBasicFormat0bC0C8visitPreyy0A6Syntax0F0VF",
            "moduleName": "SwiftBasicFormat",
            "overriding": true,
            "isOpen": true,
            "declAttributes": [
              "Override",
              "AccessControl"
            ],
            "funcSelfKind": "NonMutating"
          },
          {
            "kind": "Function",
            "name": "visitPost",
            "printedName": "visitPost(_:)",
            "children": [
              {
                "kind": "TypeNominal",
                "name": "Void",
                "printedName": "()"
              },
              {
                "kind": "TypeNominal",
                "name": "Syntax",
                "printedName": "SwiftSyntax.Syntax",
                "usr": "s:11SwiftSyntax0B0V"
              }
            ],
            "declKind": "Func",
            "usr": "s:16SwiftBasicFormat0bC0C9visitPostyy0A6Syntax0F0VF",
            "mangledName": "$s16SwiftBasicFormat0bC0C9visitPostyy0A6Syntax0F0VF",
            "moduleName": "SwiftBasicFormat",
            "overriding": true,
            "isOpen": true,
            "declAttributes": [
              "Override",
              "AccessControl"
            ],
            "funcSelfKind": "NonMutating"
          },
          {
            "kind": "Var",
            "name": "inferInitialTokenIndentation",
            "printedName": "inferInitialTokenIndentation",
            "children": [
              {
                "kind": "TypeNominal",
                "name": "Bool",
                "printedName": "Swift.Bool",
                "usr": "s:Sb"
              }
            ],
            "declKind": "Var",
            "usr": "s:16SwiftBasicFormat0bC0C28inferInitialTokenIndentationSbvp",
            "mangledName": "$s16SwiftBasicFormat0bC0C28inferInitialTokenIndentationSbvp",
            "moduleName": "SwiftBasicFormat",
            "isOpen": true,
            "declAttributes": [
              "AccessControl",
              "RawDocComment"
            ],
            "accessors": [
              {
                "kind": "Accessor",
                "name": "Get",
                "printedName": "Get()",
                "children": [
                  {
                    "kind": "TypeNominal",
                    "name": "Bool",
                    "printedName": "Swift.Bool",
                    "usr": "s:Sb"
                  }
                ],
                "declKind": "Accessor",
                "usr": "s:16SwiftBasicFormat0bC0C28inferInitialTokenIndentationSbvg",
                "mangledName": "$s16SwiftBasicFormat0bC0C28inferInitialTokenIndentationSbvg",
                "moduleName": "SwiftBasicFormat",
                "isOpen": true,
                "accessorKind": "get"
              }
            ]
          },
          {
            "kind": "Function",
            "name": "requiresIndent",
            "printedName": "requiresIndent(_:)",
            "children": [
              {
                "kind": "TypeNominal",
                "name": "Bool",
                "printedName": "Swift.Bool",
                "usr": "s:Sb"
              },
              {
                "kind": "TypeNominal",
                "name": "GenericTypeParam",
                "printedName": "τ_0_0"
              }
            ],
            "declKind": "Func",
            "usr": "s:16SwiftBasicFormat0bC0C14requiresIndentySbx0A6Syntax0F8ProtocolRzlF",
            "mangledName": "$s16SwiftBasicFormat0bC0C14requiresIndentySbx0A6Syntax0F8ProtocolRzlF",
            "moduleName": "SwiftBasicFormat",
            "genericSig": "<τ_0_0 where τ_0_0 : SwiftSyntax.SyntaxProtocol>",
            "isOpen": true,
            "declAttributes": [
              "AccessControl",
              "RawDocComment"
            ],
            "funcSelfKind": "NonMutating"
          },
          {
            "kind": "Function",
            "name": "requiresNewline",
            "printedName": "requiresNewline(between:and:)",
            "children": [
              {
                "kind": "TypeNominal",
                "name": "Bool",
                "printedName": "Swift.Bool",
                "usr": "s:Sb"
              },
              {
                "kind": "TypeNominal",
                "name": "Optional",
                "printedName": "SwiftSyntax.TokenSyntax?",
                "children": [
                  {
                    "kind": "TypeNominal",
                    "name": "TokenSyntax",
                    "printedName": "SwiftSyntax.TokenSyntax",
                    "usr": "s:11SwiftSyntax05TokenB0V"
                  }
                ],
                "usr": "s:Sq"
              },
              {
                "kind": "TypeNominal",
                "name": "Optional",
                "printedName": "SwiftSyntax.TokenSyntax?",
                "children": [
                  {
                    "kind": "TypeNominal",
                    "name": "TokenSyntax",
                    "printedName": "SwiftSyntax.TokenSyntax",
                    "usr": "s:11SwiftSyntax05TokenB0V"
                  }
                ],
                "usr": "s:Sq"
              }
            ],
            "declKind": "Func",
            "usr": "s:16SwiftBasicFormat0bC0C15requiresNewline7between3andSb0A6Syntax05TokenH0VSg_AJtF",
            "mangledName": "$s16SwiftBasicFormat0bC0C15requiresNewline7between3andSb0A6Syntax05TokenH0VSg_AJtF",
            "moduleName": "SwiftBasicFormat",
            "isOpen": true,
            "declAttributes": [
              "AccessControl"
            ],
            "funcSelfKind": "NonMutating"
          },
          {
            "kind": "Function",
            "name": "requiresWhitespace",
            "printedName": "requiresWhitespace(between:and:)",
            "children": [
              {
                "kind": "TypeNominal",
                "name": "Bool",
                "printedName": "Swift.Bool",
                "usr": "s:Sb"
              },
              {
                "kind": "TypeNominal",
                "name": "Optional",
                "printedName": "SwiftSyntax.TokenSyntax?",
                "children": [
                  {
                    "kind": "TypeNominal",
                    "name": "TokenSyntax",
                    "printedName": "SwiftSyntax.TokenSyntax",
                    "usr": "s:11SwiftSyntax05TokenB0V"
                  }
                ],
                "usr": "s:Sq"
              },
              {
                "kind": "TypeNominal",
                "name": "Optional",
                "printedName": "SwiftSyntax.TokenSyntax?",
                "children": [
                  {
                    "kind": "TypeNominal",
                    "name": "TokenSyntax",
                    "printedName": "SwiftSyntax.TokenSyntax",
                    "usr": "s:11SwiftSyntax05TokenB0V"
                  }
                ],
                "usr": "s:Sq"
              }
            ],
            "declKind": "Func",
            "usr": "s:16SwiftBasicFormat0bC0C18requiresWhitespace7between3andSb0A6Syntax05TokenH0VSg_AJtF",
            "mangledName": "$s16SwiftBasicFormat0bC0C18requiresWhitespace7between3andSb0A6Syntax05TokenH0VSg_AJtF",
            "moduleName": "SwiftBasicFormat",
            "isOpen": true,
            "declAttributes": [
              "AccessControl"
            ],
            "funcSelfKind": "NonMutating"
          },
          {
            "kind": "Function",
            "name": "isMutable",
            "printedName": "isMutable(_:)",
            "children": [
              {
                "kind": "TypeNominal",
                "name": "Bool",
                "printedName": "Swift.Bool",
                "usr": "s:Sb"
              },
              {
                "kind": "TypeNominal",
                "name": "TokenSyntax",
                "printedName": "SwiftSyntax.TokenSyntax",
                "usr": "s:11SwiftSyntax05TokenB0V"
              }
            ],
            "declKind": "Func",
            "usr": "s:16SwiftBasicFormat0bC0C9isMutableySb0A6Syntax05TokenF0VF",
            "mangledName": "$s16SwiftBasicFormat0bC0C9isMutableySb0A6Syntax05TokenF0VF",
            "moduleName": "SwiftBasicFormat",
            "isOpen": true,
            "declAttributes": [
              "AccessControl",
              "RawDocComment"
            ],
            "funcSelfKind": "NonMutating"
          },
          {
            "kind": "Function",
            "name": "transformTokenText",
            "printedName": "transformTokenText(_:)",
            "children": [
              {
                "kind": "TypeNominal",
                "name": "Optional",
                "printedName": "Swift.String?",
                "children": [
                  {
                    "kind": "TypeNominal",
                    "name": "String",
                    "printedName": "Swift.String",
                    "usr": "s:SS"
                  }
                ],
                "usr": "s:Sq"
              },
              {
                "kind": "TypeNominal",
                "name": "TokenSyntax",
                "printedName": "SwiftSyntax.TokenSyntax",
                "usr": "s:11SwiftSyntax05TokenB0V"
              }
            ],
            "declKind": "Func",
            "usr": "s:16SwiftBasicFormat0bC0C18transformTokenTextySSSg0A6Syntax0eG0VF",
            "mangledName": "$s16SwiftBasicFormat0bC0C18transformTokenTextySSSg0A6Syntax0eG0VF",
            "moduleName": "SwiftBasicFormat",
            "isOpen": true,
            "declAttributes": [
              "AccessControl",
              "RawDocComment"
            ],
            "funcSelfKind": "NonMutating"
          },
          {
            "kind": "Function",
            "name": "transformTokenPresence",
            "printedName": "transformTokenPresence(_:)",
            "children": [
              {
                "kind": "TypeNominal",
                "name": "Optional",
                "printedName": "SwiftSyntax.SourcePresence?",
                "children": [
                  {
                    "kind": "TypeNominal",
                    "name": "SourcePresence",
                    "printedName": "SwiftSyntax.SourcePresence",
                    "usr": "s:11SwiftSyntax14SourcePresenceO"
                  }
                ],
                "usr": "s:Sq"
              },
              {
                "kind": "TypeNominal",
                "name": "TokenSyntax",
                "printedName": "SwiftSyntax.TokenSyntax",
                "usr": "s:11SwiftSyntax05TokenB0V"
              }
            ],
            "declKind": "Func",
            "usr": "s:16SwiftBasicFormat0bC0C22transformTokenPresencey0A6Syntax06SourceF0OSgAE0eG0VF",
            "mangledName": "$s16SwiftBasicFormat0bC0C22transformTokenPresencey0A6Syntax06SourceF0OSgAE0eG0VF",
            "moduleName": "SwiftBasicFormat",
            "isOpen": true,
            "declAttributes": [
              "AccessControl",
              "RawDocComment"
            ],
            "funcSelfKind": "NonMutating"
          },
          {
            "kind": "Function",
            "name": "visit",
            "printedName": "visit(_:)",
            "children": [
              {
                "kind": "TypeNominal",
                "name": "TokenSyntax",
                "printedName": "SwiftSyntax.TokenSyntax",
                "usr": "s:11SwiftSyntax05TokenB0V"
              },
              {
                "kind": "TypeNominal",
                "name": "TokenSyntax",
                "printedName": "SwiftSyntax.TokenSyntax",
                "usr": "s:11SwiftSyntax05TokenB0V"
              }
            ],
            "declKind": "Func",
            "usr": "s:16SwiftBasicFormat0bC0C5visity0A6Syntax05TokenE0VAGF",
            "mangledName": "$s16SwiftBasicFormat0bC0C5visity0A6Syntax05TokenE0VAGF",
            "moduleName": "SwiftBasicFormat",
            "overriding": true,
            "isOpen": true,
            "declAttributes": [
              "Override",
              "AccessControl",
              "RawDocComment"
            ],
            "funcSelfKind": "NonMutating"
          },
          {
            "kind": "Constructor",
            "name": "init",
            "printedName": "init(viewMode:)",
            "children": [
              {
                "kind": "TypeNominal",
                "name": "BasicFormat",
                "printedName": "SwiftBasicFormat.BasicFormat",
                "usr": "s:16SwiftBasicFormat0bC0C"
              },
              {
                "kind": "TypeNominal",
                "name": "SyntaxTreeViewMode",
                "printedName": "SwiftSyntax.SyntaxTreeViewMode",
                "hasDefaultArg": true,
                "usr": "s:11SwiftSyntax0B12TreeViewModeO"
              }
            ],
            "declKind": "Constructor",
            "usr": "s:16SwiftBasicFormat0bC0C8viewModeAC0A6Syntax0f8TreeViewE0O_tcfc",
            "mangledName": "$s16SwiftBasicFormat0bC0C8viewModeAC0A6Syntax0f8TreeViewE0O_tcfc",
            "moduleName": "SwiftBasicFormat",
            "overriding": true,
            "implicit": true,
            "declAttributes": [
              "Override"
            ],
            "init_kind": "Designated"
          }
        ],
        "declKind": "Class",
        "usr": "s:16SwiftBasicFormat0bC0C",
        "mangledName": "$s16SwiftBasicFormat0bC0C",
        "moduleName": "SwiftBasicFormat",
        "isOpen": true,
        "declAttributes": [
          "AccessControl",
          "RawDocComment"
        ],
        "superclassUsr": "s:11SwiftSyntax0B8RewriterC",
        "superclassNames": [
          "SwiftSyntax.SyntaxRewriter"
        ]
      },
      {
        "kind": "Import",
        "name": "SwiftSyntax",
        "printedName": "SwiftSyntax",
        "declKind": "Import",
        "moduleName": "SwiftBasicFormat",
        "declAttributes": [
          "RawDocComment"
        ]
      },
      {
        "kind": "Import",
        "name": "SwiftSyntax",
        "printedName": "SwiftSyntax",
        "declKind": "Import",
        "moduleName": "SwiftBasicFormat"
      },
      {
        "kind": "Import",
        "name": "SwiftSyntax",
        "printedName": "SwiftSyntax",
        "declKind": "Import",
        "moduleName": "SwiftBasicFormat",
        "declAttributes": [
          "RawDocComment"
        ]
      },
      {
        "kind": "TypeDecl",
        "name": "TokenSyntax",
        "printedName": "TokenSyntax",
        "children": [
          {
            "kind": "Var",
            "name": "indentationOfLine",
            "printedName": "indentationOfLine",
            "children": [
              {
                "kind": "TypeNominal",
                "name": "Trivia",
                "printedName": "SwiftSyntax.Trivia",
                "usr": "s:11SwiftSyntax6TriviaV"
              }
            ],
            "declKind": "Var",
            "usr": "s:11SwiftSyntax05TokenB0V0A11BasicFormatE17indentationOfLineAA6TriviaVvp",
            "mangledName": "$s11SwiftSyntax05TokenB0V0A11BasicFormatE17indentationOfLineAA6TriviaVvp",
            "moduleName": "SwiftBasicFormat",
            "declAttributes": [
              "AccessControl",
              "RawDocComment"
            ],
            "isFromExtension": true,
            "accessors": [
              {
                "kind": "Accessor",
                "name": "Get",
                "printedName": "Get()",
                "children": [
                  {
                    "kind": "TypeNominal",
                    "name": "Trivia",
                    "printedName": "SwiftSyntax.Trivia",
                    "usr": "s:11SwiftSyntax6TriviaV"
                  }
                ],
                "declKind": "Accessor",
                "usr": "s:11SwiftSyntax05TokenB0V0A11BasicFormatE17indentationOfLineAA6TriviaVvg",
                "mangledName": "$s11SwiftSyntax05TokenB0V0A11BasicFormatE17indentationOfLineAA6TriviaVvg",
                "moduleName": "SwiftBasicFormat",
                "isFromExtension": true,
                "accessorKind": "get"
              }
            ]
          }
        ],
        "declKind": "Struct",
        "usr": "s:11SwiftSyntax05TokenB0V",
        "mangledName": "$s11SwiftSyntax05TokenB0V",
        "moduleName": "SwiftSyntax",
        "isExternal": true,
        "conformances": [
          {
            "kind": "Conformance",
            "name": "SyntaxProtocol",
            "printedName": "SyntaxProtocol",
            "usr": "s:11SwiftSyntax0B8ProtocolP",
            "mangledName": "$s11SwiftSyntax0B8ProtocolP"
          },
          {
            "kind": "Conformance",
            "name": "SyntaxHashable",
            "printedName": "SyntaxHashable",
            "usr": "s:11SwiftSyntax0B8HashableP",
            "mangledName": "$s11SwiftSyntax0B8HashableP"
          },
          {
            "kind": "Conformance",
            "name": "CustomStringConvertible",
            "printedName": "CustomStringConvertible",
            "usr": "s:s23CustomStringConvertibleP",
            "mangledName": "$ss23CustomStringConvertibleP"
          },
          {
            "kind": "Conformance",
            "name": "CustomDebugStringConvertible",
            "printedName": "CustomDebugStringConvertible",
            "usr": "s:s28CustomDebugStringConvertibleP",
            "mangledName": "$ss28CustomDebugStringConvertibleP"
          },
          {
            "kind": "Conformance",
            "name": "TextOutputStreamable",
            "printedName": "TextOutputStreamable",
            "usr": "s:s20TextOutputStreamableP",
            "mangledName": "$ss20TextOutputStreamableP"
          },
          {
            "kind": "Conformance",
            "name": "Hashable",
            "printedName": "Hashable",
            "usr": "s:SH",
            "mangledName": "$sSH"
          },
          {
            "kind": "Conformance",
            "name": "Equatable",
            "printedName": "Equatable",
            "usr": "s:SQ",
            "mangledName": "$sSQ"
          },
          {
            "kind": "Conformance",
            "name": "CustomReflectable",
            "printedName": "CustomReflectable",
            "usr": "s:s17CustomReflectableP",
            "mangledName": "$ss17CustomReflectableP"
          }
        ]
      },
      {
        "kind": "TypeDecl",
        "name": "SyntaxProtocol",
        "printedName": "SyntaxProtocol",
        "children": [
          {
            "kind": "Function",
            "name": "formatted",
            "printedName": "formatted(using:)",
            "children": [
              {
                "kind": "TypeNominal",
                "name": "Syntax",
                "printedName": "SwiftSyntax.Syntax",
                "usr": "s:11SwiftSyntax0B0V"
              },
              {
                "kind": "TypeNominal",
                "name": "BasicFormat",
                "printedName": "SwiftBasicFormat.BasicFormat",
                "hasDefaultArg": true,
                "usr": "s:16SwiftBasicFormat0bC0C"
              }
            ],
            "declKind": "Func",
            "usr": "s:11SwiftSyntax0B8ProtocolP0A11BasicFormatE9formatted5usingAA0B0VAD0dE0C_tF",
            "mangledName": "$s11SwiftSyntax0B8ProtocolP0A11BasicFormatE9formatted5usingAA0B0VAD0dE0C_tF",
            "moduleName": "SwiftBasicFormat",
            "genericSig": "<τ_0_0 where τ_0_0 : SwiftSyntax.SyntaxProtocol>",
            "sugared_genericSig": "<Self where Self : SwiftSyntax.SyntaxProtocol>",
            "declAttributes": [
              "RawDocComment"
            ],
            "isFromExtension": true,
            "funcSelfKind": "NonMutating"
          }
        ],
        "declKind": "Protocol",
        "usr": "s:11SwiftSyntax0B8ProtocolP",
        "mangledName": "$s11SwiftSyntax0B8ProtocolP",
        "moduleName": "SwiftSyntax",
        "genericSig": "<τ_0_0 : Swift.CustomDebugStringConvertible, τ_0_0 : Swift.CustomReflectable, τ_0_0 : Swift.CustomStringConvertible, τ_0_0 : Swift.TextOutputStreamable>",
        "sugared_genericSig": "<Self : Swift.CustomDebugStringConvertible, Self : Swift.CustomReflectable, Self : Swift.CustomStringConvertible, Self : Swift.TextOutputStreamable>",
        "isExternal": true,
        "conformances": [
          {
            "kind": "Conformance",
            "name": "CustomReflectable",
            "printedName": "CustomReflectable",
            "usr": "s:s17CustomReflectableP",
            "mangledName": "$ss17CustomReflectableP"
          },
          {
            "kind": "Conformance",
            "name": "TextOutputStreamable",
            "printedName": "TextOutputStreamable",
            "usr": "s:s20TextOutputStreamableP",
            "mangledName": "$ss20TextOutputStreamableP"
          },
          {
            "kind": "Conformance",
            "name": "CustomDebugStringConvertible",
            "printedName": "CustomDebugStringConvertible",
            "usr": "s:s28CustomDebugStringConvertibleP",
            "mangledName": "$ss28CustomDebugStringConvertibleP"
          },
          {
            "kind": "Conformance",
            "name": "CustomStringConvertible",
            "printedName": "CustomStringConvertible",
            "usr": "s:s23CustomStringConvertibleP",
            "mangledName": "$ss23CustomStringConvertibleP"
          }
        ]
      },
      {
        "kind": "TypeDecl",
        "name": "Trivia",
        "printedName": "Trivia",
        "children": [
          {
            "kind": "Function",
            "name": "trimmingTrailingWhitespaceBeforeNewline",
            "printedName": "trimmingTrailingWhitespaceBeforeNewline(isBeforeNewline:)",
            "children": [
              {
                "kind": "TypeNominal",
                "name": "Trivia",
                "printedName": "SwiftSyntax.Trivia",
                "usr": "s:11SwiftSyntax6TriviaV"
              },
              {
                "kind": "TypeNominal",
                "name": "Bool",
                "printedName": "Swift.Bool",
                "usr": "s:Sb"
              }
            ],
            "declKind": "Func",
            "usr": "s:11SwiftSyntax6TriviaV0A11BasicFormatE39trimmingTrailingWhitespaceBeforeNewline02isiJ0ACSb_tF",
            "mangledName": "$s11SwiftSyntax6TriviaV0A11BasicFormatE39trimmingTrailingWhitespaceBeforeNewline02isiJ0ACSb_tF",
            "moduleName": "SwiftBasicFormat",
            "declAttributes": [
              "RawDocComment"
            ],
            "isFromExtension": true,
            "funcSelfKind": "NonMutating"
          },
          {
            "kind": "Function",
            "name": "containsIndentation",
            "printedName": "containsIndentation(isOnNewline:)",
            "children": [
              {
                "kind": "TypeNominal",
                "name": "Bool",
                "printedName": "Swift.Bool",
                "usr": "s:Sb"
              },
              {
                "kind": "TypeNominal",
                "name": "Bool",
                "printedName": "Swift.Bool",
                "usr": "s:Sb"
              }
            ],
            "declKind": "Func",
            "usr": "s:11SwiftSyntax6TriviaV0A11BasicFormatE19containsIndentation11isOnNewlineS2b_tF",
            "mangledName": "$s11SwiftSyntax6TriviaV0A11BasicFormatE19containsIndentation11isOnNewlineS2b_tF",
            "moduleName": "SwiftBasicFormat",
            "declAttributes": [
              "RawDocComment"
            ],
            "isFromExtension": true,
            "funcSelfKind": "NonMutating"
          },
          {
            "kind": "Function",
            "name": "indentation",
            "printedName": "indentation(isOnNewline:)",
            "children": [
              {
                "kind": "TypeNominal",
                "name": "Optional",
                "printedName": "SwiftSyntax.Trivia?",
                "children": [
                  {
                    "kind": "TypeNominal",
                    "name": "Trivia",
                    "printedName": "SwiftSyntax.Trivia",
                    "usr": "s:11SwiftSyntax6TriviaV"
                  }
                ],
                "usr": "s:Sq"
              },
              {
                "kind": "TypeNominal",
                "name": "Bool",
                "printedName": "Swift.Bool",
                "usr": "s:Sb"
              }
            ],
            "declKind": "Func",
            "usr": "s:11SwiftSyntax6TriviaV0A11BasicFormatE11indentation11isOnNewlineACSgSb_tF",
            "mangledName": "$s11SwiftSyntax6TriviaV0A11BasicFormatE11indentation11isOnNewlineACSgSb_tF",
            "moduleName": "SwiftBasicFormat",
            "declAttributes": [
              "AccessControl",
              "RawDocComment"
            ],
            "isFromExtension": true,
            "funcSelfKind": "NonMutating"
          },
          {
            "kind": "Function",
            "name": "indented",
            "printedName": "indented(indentation:isOnNewline:)",
            "children": [
              {
                "kind": "TypeNominal",
                "name": "Trivia",
                "printedName": "SwiftSyntax.Trivia",
                "usr": "s:11SwiftSyntax6TriviaV"
              },
              {
                "kind": "TypeNominal",
                "name": "Trivia",
                "printedName": "SwiftSyntax.Trivia",
                "usr": "s:11SwiftSyntax6TriviaV"
              },
              {
                "kind": "TypeNominal",
                "name": "Bool",
                "printedName": "Swift.Bool",
                "usr": "s:Sb"
              }
            ],
            "declKind": "Func",
            "usr": "s:11SwiftSyntax6TriviaV0A11BasicFormatE8indented11indentation11isOnNewlineA2C_SbtF",
            "mangledName": "$s11SwiftSyntax6TriviaV0A11BasicFormatE8indented11indentation11isOnNewlineA2C_SbtF",
            "moduleName": "SwiftBasicFormat",
            "declAttributes": [
              "RawDocComment"
            ],
            "isFromExtension": true,
            "funcSelfKind": "NonMutating"
          },
          {
            "kind": "Var",
            "name": "startsWithNewline",
            "printedName": "startsWithNewline",
            "children": [
              {
                "kind": "TypeNominal",
                "name": "Bool",
                "printedName": "Swift.Bool",
                "usr": "s:Sb"
              }
            ],
            "declKind": "Var",
            "usr": "s:11SwiftSyntax6TriviaV0A11BasicFormatE17startsWithNewlineSbvp",
            "mangledName": "$s11SwiftSyntax6TriviaV0A11BasicFormatE17startsWithNewlineSbvp",
            "moduleName": "SwiftBasicFormat",
            "isFromExtension": true,
            "accessors": [
              {
                "kind": "Accessor",
                "name": "Get",
                "printedName": "Get()",
                "children": [
                  {
                    "kind": "TypeNominal",
                    "name": "Bool",
                    "printedName": "Swift.Bool",
                    "usr": "s:Sb"
                  }
                ],
                "declKind": "Accessor",
                "usr": "s:11SwiftSyntax6TriviaV0A11BasicFormatE17startsWithNewlineSbvg",
                "mangledName": "$s11SwiftSyntax6TriviaV0A11BasicFormatE17startsWithNewlineSbvg",
                "moduleName": "SwiftBasicFormat",
                "isFromExtension": true,
                "accessorKind": "get"
              }
            ]
          },
          {
            "kind": "Var",
            "name": "startsWithWhitespace",
            "printedName": "startsWithWhitespace",
            "children": [
              {
                "kind": "TypeNominal",
                "name": "Bool",
                "printedName": "Swift.Bool",
                "usr": "s:Sb"
              }
            ],
            "declKind": "Var",
            "usr": "s:11SwiftSyntax6TriviaV0A11BasicFormatE20startsWithWhitespaceSbvp",
            "mangledName": "$s11SwiftSyntax6TriviaV0A11BasicFormatE20startsWithWhitespaceSbvp",
            "moduleName": "SwiftBasicFormat",
            "isFromExtension": true,
            "accessors": [
              {
                "kind": "Accessor",
                "name": "Get",
                "printedName": "Get()",
                "children": [
                  {
                    "kind": "TypeNominal",
                    "name": "Bool",
                    "printedName": "Swift.Bool",
                    "usr": "s:Sb"
                  }
                ],
                "declKind": "Accessor",
                "usr": "s:11SwiftSyntax6TriviaV0A11BasicFormatE20startsWithWhitespaceSbvg",
                "mangledName": "$s11SwiftSyntax6TriviaV0A11BasicFormatE20startsWithWhitespaceSbvg",
                "moduleName": "SwiftBasicFormat",
                "isFromExtension": true,
                "accessorKind": "get"
              }
            ]
          },
          {
            "kind": "Var",
            "name": "endsWithNewline",
            "printedName": "endsWithNewline",
            "children": [
              {
                "kind": "TypeNominal",
                "name": "Bool",
                "printedName": "Swift.Bool",
                "usr": "s:Sb"
              }
            ],
            "declKind": "Var",
            "usr": "s:11SwiftSyntax6TriviaV0A11BasicFormatE15endsWithNewlineSbvp",
            "mangledName": "$s11SwiftSyntax6TriviaV0A11BasicFormatE15endsWithNewlineSbvp",
            "moduleName": "SwiftBasicFormat",
            "isFromExtension": true,
            "accessors": [
              {
                "kind": "Accessor",
                "name": "Get",
                "printedName": "Get()",
                "children": [
                  {
                    "kind": "TypeNominal",
                    "name": "Bool",
                    "printedName": "Swift.Bool",
                    "usr": "s:Sb"
                  }
                ],
                "declKind": "Accessor",
                "usr": "s:11SwiftSyntax6TriviaV0A11BasicFormatE15endsWithNewlineSbvg",
                "mangledName": "$s11SwiftSyntax6TriviaV0A11BasicFormatE15endsWithNewlineSbvg",
                "moduleName": "SwiftBasicFormat",
                "isFromExtension": true,
                "accessorKind": "get"
              }
            ]
          },
          {
            "kind": "Var",
            "name": "endsWithWhitespace",
            "printedName": "endsWithWhitespace",
            "children": [
              {
                "kind": "TypeNominal",
                "name": "Bool",
                "printedName": "Swift.Bool",
                "usr": "s:Sb"
              }
            ],
            "declKind": "Var",
            "usr": "s:11SwiftSyntax6TriviaV0A11BasicFormatE18endsWithWhitespaceSbvp",
            "mangledName": "$s11SwiftSyntax6TriviaV0A11BasicFormatE18endsWithWhitespaceSbvp",
            "moduleName": "SwiftBasicFormat",
            "isFromExtension": true,
            "accessors": [
              {
                "kind": "Accessor",
                "name": "Get",
                "printedName": "Get()",
                "children": [
                  {
                    "kind": "TypeNominal",
                    "name": "Bool",
                    "printedName": "Swift.Bool",
                    "usr": "s:Sb"
                  }
                ],
                "declKind": "Accessor",
                "usr": "s:11SwiftSyntax6TriviaV0A11BasicFormatE18endsWithWhitespaceSbvg",
                "mangledName": "$s11SwiftSyntax6TriviaV0A11BasicFormatE18endsWithWhitespaceSbvg",
                "moduleName": "SwiftBasicFormat",
                "isFromExtension": true,
                "accessorKind": "get"
              }
            ]
          }
        ],
        "declKind": "Struct",
        "usr": "s:11SwiftSyntax6TriviaV",
        "mangledName": "$s11SwiftSyntax6TriviaV",
        "moduleName": "SwiftSyntax",
        "isExternal": true,
        "conformances": [
          {
            "kind": "Conformance",
            "name": "Equatable",
            "printedName": "Equatable",
            "usr": "s:SQ",
            "mangledName": "$sSQ"
          },
          {
            "kind": "Conformance",
            "name": "Collection",
            "printedName": "Collection",
            "children": [
              {
                "kind": "TypeWitness",
                "name": "Element",
                "printedName": "Element",
                "children": [
                  {
                    "kind": "TypeNominal",
                    "name": "TriviaPiece",
                    "printedName": "SwiftSyntax.TriviaPiece",
                    "usr": "s:11SwiftSyntax11TriviaPieceO"
                  }
                ]
              },
              {
                "kind": "TypeWitness",
                "name": "Index",
                "printedName": "Index",
                "children": [
                  {
                    "kind": "TypeNominal",
                    "name": "Int",
                    "printedName": "Swift.Int",
                    "usr": "s:Si"
                  }
                ]
              },
              {
                "kind": "TypeWitness",
                "name": "Iterator",
                "printedName": "Iterator",
                "children": [
                  {
                    "kind": "TypeNominal",
                    "name": "IndexingIterator",
                    "printedName": "Swift.IndexingIterator<SwiftSyntax.Trivia>",
                    "children": [
                      {
                        "kind": "TypeNominal",
                        "name": "Trivia",
                        "printedName": "SwiftSyntax.Trivia",
                        "usr": "s:11SwiftSyntax6TriviaV"
                      }
                    ],
                    "usr": "s:s16IndexingIteratorV"
                  }
                ]
              },
              {
                "kind": "TypeWitness",
                "name": "SubSequence",
                "printedName": "SubSequence",
                "children": [
                  {
                    "kind": "TypeNominal",
                    "name": "Slice",
                    "printedName": "Swift.Slice<SwiftSyntax.Trivia>",
                    "children": [
                      {
                        "kind": "TypeNominal",
                        "name": "Trivia",
                        "printedName": "SwiftSyntax.Trivia",
                        "usr": "s:11SwiftSyntax6TriviaV"
                      }
                    ],
                    "usr": "s:s5SliceV"
                  }
                ]
              },
              {
                "kind": "TypeWitness",
                "name": "Indices",
                "printedName": "Indices",
                "children": [
                  {
                    "kind": "TypeNominal",
                    "name": "DefaultIndices",
                    "printedName": "Swift.DefaultIndices<SwiftSyntax.Trivia>",
                    "children": [
                      {
                        "kind": "TypeNominal",
                        "name": "Trivia",
                        "printedName": "SwiftSyntax.Trivia",
                        "usr": "s:11SwiftSyntax6TriviaV"
                      }
                    ],
                    "usr": "s:SI"
                  }
                ]
              }
            ],
            "usr": "s:Sl",
            "mangledName": "$sSl"
          },
          {
            "kind": "Conformance",
            "name": "Sequence",
            "printedName": "Sequence",
            "children": [
              {
                "kind": "TypeWitness",
                "name": "Element",
                "printedName": "Element",
                "children": [
                  {
                    "kind": "TypeNominal",
                    "name": "TriviaPiece",
                    "printedName": "SwiftSyntax.TriviaPiece",
                    "usr": "s:11SwiftSyntax11TriviaPieceO"
                  }
                ]
              },
              {
                "kind": "TypeWitness",
                "name": "Iterator",
                "printedName": "Iterator",
                "children": [
                  {
                    "kind": "TypeNominal",
                    "name": "IndexingIterator",
                    "printedName": "Swift.IndexingIterator<SwiftSyntax.Trivia>",
                    "children": [
                      {
                        "kind": "TypeNominal",
                        "name": "Trivia",
                        "printedName": "SwiftSyntax.Trivia",
                        "usr": "s:11SwiftSyntax6TriviaV"
                      }
                    ],
                    "usr": "s:s16IndexingIteratorV"
                  }
                ]
              }
            ],
            "usr": "s:ST",
            "mangledName": "$sST"
          },
          {
            "kind": "Conformance",
            "name": "ExpressibleByArrayLiteral",
            "printedName": "ExpressibleByArrayLiteral",
            "children": [
              {
                "kind": "TypeWitness",
                "name": "ArrayLiteralElement",
                "printedName": "ArrayLiteralElement",
                "children": [
                  {
                    "kind": "TypeNominal",
                    "name": "TriviaPiece",
                    "printedName": "SwiftSyntax.TriviaPiece",
                    "usr": "s:11SwiftSyntax11TriviaPieceO"
                  }
                ]
              }
            ],
            "usr": "s:s25ExpressibleByArrayLiteralP",
            "mangledName": "$ss25ExpressibleByArrayLiteralP"
          },
          {
            "kind": "Conformance",
            "name": "TextOutputStreamable",
            "printedName": "TextOutputStreamable",
            "usr": "s:s20TextOutputStreamableP",
            "mangledName": "$ss20TextOutputStreamableP"
          },
          {
            "kind": "Conformance",
            "name": "CustomStringConvertible",
            "printedName": "CustomStringConvertible",
            "usr": "s:s23CustomStringConvertibleP",
            "mangledName": "$ss23CustomStringConvertibleP"
          },
          {
            "kind": "Conformance",
            "name": "CustomDebugStringConvertible",
            "printedName": "CustomDebugStringConvertible",
            "usr": "s:s28CustomDebugStringConvertibleP",
            "mangledName": "$ss28CustomDebugStringConvertibleP"
          }
        ]
      }
    ],
    "json_format_version": 8
  },
  "ConstValues": [
    {
      "filePath": "\/tmp\/swift-syntax\/Sources\/SwiftBasicFormat\/BasicFormat.swift",
      "kind": "Dictionary",
      "offset": 2058,
      "length": 3,
      "value": "[]"
    },
    {
      "filePath": "\/tmp\/swift-syntax\/Sources\/SwiftBasicFormat\/BasicFormat.swift",
      "kind": "IntegerLiteral",
      "offset": 2391,
      "length": 1,
      "value": "0"
    },
    {
      "filePath": "\/tmp\/swift-syntax\/Sources\/SwiftBasicFormat\/BasicFormat.swift",
      "kind": "IntegerLiteral",
      "offset": 2561,
      "length": 1,
      "value": "0"
    },
    {
      "filePath": "\/tmp\/swift-syntax\/Sources\/SwiftBasicFormat\/BasicFormat.swift",
      "kind": "Array",
      "offset": 2653,
      "length": 2,
      "value": "[]"
    },
    {
      "filePath": "\/tmp\/swift-syntax\/Sources\/SwiftBasicFormat\/BasicFormat.swift",
      "kind": "IntegerLiteral",
      "offset": 2980,
      "length": 1,
      "value": "4"
    },
    {
      "filePath": "\/tmp\/swift-syntax\/Sources\/SwiftBasicFormat\/BasicFormat.swift",
      "kind": "BooleanLiteral",
      "offset": 3061,
      "length": 5,
      "value": "false"
    },
    {
      "filePath": "\/tmp\/swift-syntax\/Sources\/SwiftBasicFormat\/BasicFormat.swift",
      "kind": "BooleanLiteral",
      "offset": 3352,
      "length": 4,
      "value": "true"
    },
    {
      "filePath": "\/tmp\/swift-syntax\/Sources\/SwiftBasicFormat\/BasicFormat.swift",
      "kind": "BooleanLiteral",
      "offset": 3475,
      "length": 5,
      "value": "false"
    },
    {
      "filePath": "\/tmp\/swift-syntax\/Sources\/SwiftBasicFormat\/BasicFormat.swift",
      "kind": "IntegerLiteral",
      "offset": 3570,
      "length": 1,
      "value": "1"
    },
    {
      "filePath": "\/tmp\/swift-syntax\/Sources\/SwiftBasicFormat\/BasicFormat.swift",
      "kind": "StringLiteral",
      "offset": 3597,
      "length": 55,
      "value": "\"Popping more indentation levels than have been pushed\""
    },
    {
      "filePath": "\/tmp\/swift-syntax\/Sources\/SwiftBasicFormat\/BasicFormat.swift",
      "kind": "IntegerLiteral",
      "offset": 4108,
      "length": 1,
      "value": "1"
    },
    {
      "filePath": "\/tmp\/swift-syntax\/Sources\/SwiftBasicFormat\/BasicFormat.swift",
      "kind": "BooleanLiteral",
      "offset": 4290,
      "length": 5,
      "value": "false"
    },
    {
      "filePath": "\/tmp\/swift-syntax\/Sources\/SwiftBasicFormat\/BasicFormat.swift",
      "kind": "IntegerLiteral",
      "offset": 4831,
      "length": 1,
      "value": "1"
    },
    {
      "filePath": "\/tmp\/swift-syntax\/Sources\/SwiftBasicFormat\/BasicFormat.swift",
      "kind": "BooleanLiteral",
      "offset": 5193,
      "length": 4,
      "value": "true"
    },
    {
      "filePath": "\/tmp\/swift-syntax\/Sources\/SwiftBasicFormat\/BasicFormat.swift",
      "kind": "BooleanLiteral",
      "offset": 5223,
      "length": 5,
      "value": "false"
    },
    {
      "filePath": "\/tmp\/swift-syntax\/Sources\/SwiftBasicFormat\/BasicFormat.swift",
      "kind": "BooleanLiteral",
      "offset": 5366,
      "length": 4,
      "value": "true"
    },
    {
      "filePath": "\/tmp\/swift-syntax\/Sources\/SwiftBasicFormat\/BasicFormat.swift",
      "kind": "BooleanLiteral",
      "offset": 5413,
      "length": 4,
      "value": "true"
    },
    {
      "filePath": "\/tmp\/swift-syntax\/Sources\/SwiftBasicFormat\/BasicFormat.swift",
      "kind": "BooleanLiteral",
      "offset": 5461,
      "length": 4,
      "value": "true"
    },
    {
      "filePath": "\/tmp\/swift-syntax\/Sources\/SwiftBasicFormat\/BasicFormat.swift",
      "kind": "BooleanLiteral",
      "offset": 5505,
      "length": 4,
      "value": "true"
    },
    {
      "filePath": "\/tmp\/swift-syntax\/Sources\/SwiftBasicFormat\/BasicFormat.swift",
      "kind": "BooleanLiteral",
      "offset": 5549,
      "length": 4,
      "value": "true"
    },
    {
      "filePath": "\/tmp\/swift-syntax\/Sources\/SwiftBasicFormat\/BasicFormat.swift",
      "kind": "BooleanLiteral",
      "offset": 5580,
      "length": 5,
      "value": "false"
    },
    {
      "filePath": "\/tmp\/swift-syntax\/Sources\/SwiftBasicFormat\/BasicFormat.swift",
      "kind": "BooleanLiteral",
      "offset": 6578,
      "length": 4,
      "value": "true"
    },
    {
      "filePath": "\/tmp\/swift-syntax\/Sources\/SwiftBasicFormat\/BasicFormat.swift",
      "kind": "BooleanLiteral",
      "offset": 6777,
      "length": 5,
      "value": "false"
    },
    {
      "filePath": "\/tmp\/swift-syntax\/Sources\/SwiftBasicFormat\/BasicFormat.swift",
      "kind": "BooleanLiteral",
      "offset": 6864,
      "length": 4,
      "value": "true"
    },
    {
      "filePath": "\/tmp\/swift-syntax\/Sources\/SwiftBasicFormat\/BasicFormat.swift",
      "kind": "BooleanLiteral",
      "offset": 6918,
      "length": 4,
      "value": "true"
    },
    {
      "filePath": "\/tmp\/swift-syntax\/Sources\/SwiftBasicFormat\/BasicFormat.swift",
      "kind": "BooleanLiteral",
      "offset": 6976,
      "length": 4,
      "value": "true"
    },
    {
      "filePath": "\/tmp\/swift-syntax\/Sources\/SwiftBasicFormat\/BasicFormat.swift",
      "kind": "BooleanLiteral",
      "offset": 7045,
      "length": 4,
      "value": "true"
    },
    {
      "filePath": "\/tmp\/swift-syntax\/Sources\/SwiftBasicFormat\/BasicFormat.swift",
      "kind": "BooleanLiteral",
      "offset": 7101,
      "length": 4,
      "value": "true"
    },
    {
      "filePath": "\/tmp\/swift-syntax\/Sources\/SwiftBasicFormat\/BasicFormat.swift",
      "kind": "BooleanLiteral",
      "offset": 7160,
      "length": 4,
      "value": "true"
    },
    {
      "filePath": "\/tmp\/swift-syntax\/Sources\/SwiftBasicFormat\/BasicFormat.swift",
      "kind": "BooleanLiteral",
      "offset": 7218,
      "length": 4,
      "value": "true"
    },
    {
      "filePath": "\/tmp\/swift-syntax\/Sources\/SwiftBasicFormat\/BasicFormat.swift",
      "kind": "BooleanLiteral",
      "offset": 7288,
      "length": 4,
      "value": "true"
    },
    {
      "filePath": "\/tmp\/swift-syntax\/Sources\/SwiftBasicFormat\/BasicFormat.swift",
      "kind": "BooleanLiteral",
      "offset": 7350,
      "length": 4,
      "value": "true"
    },
    {
      "filePath": "\/tmp\/swift-syntax\/Sources\/SwiftBasicFormat\/BasicFormat.swift",
      "kind": "BooleanLiteral",
      "offset": 7409,
      "length": 4,
      "value": "true"
    },
    {
      "filePath": "\/tmp\/swift-syntax\/Sources\/SwiftBasicFormat\/BasicFormat.swift",
      "kind": "BooleanLiteral",
      "offset": 7468,
      "length": 4,
      "value": "true"
    },
    {
      "filePath": "\/tmp\/swift-syntax\/Sources\/SwiftBasicFormat\/BasicFormat.swift",
      "kind": "BooleanLiteral",
      "offset": 7530,
      "length": 4,
      "value": "true"
    },
    {
      "filePath": "\/tmp\/swift-syntax\/Sources\/SwiftBasicFormat\/BasicFormat.swift",
      "kind": "BooleanLiteral",
      "offset": 7587,
      "length": 4,
      "value": "true"
    },
    {
      "filePath": "\/tmp\/swift-syntax\/Sources\/SwiftBasicFormat\/BasicFormat.swift",
      "kind": "BooleanLiteral",
      "offset": 7641,
      "length": 4,
      "value": "true"
    },
    {
      "filePath": "\/tmp\/swift-syntax\/Sources\/SwiftBasicFormat\/BasicFormat.swift",
      "kind": "BooleanLiteral",
      "offset": 7695,
      "length": 4,
      "value": "true"
    },
    {
      "filePath": "\/tmp\/swift-syntax\/Sources\/SwiftBasicFormat\/BasicFormat.swift",
      "kind": "BooleanLiteral",
      "offset": 7726,
      "length": 5,
      "value": "false"
    },
    {
      "filePath": "\/tmp\/swift-syntax\/Sources\/SwiftBasicFormat\/BasicFormat.swift",
      "kind": "BooleanLiteral",
      "offset": 8301,
      "length": 5,
      "value": "false"
    },
    {
      "filePath": "\/tmp\/swift-syntax\/Sources\/SwiftBasicFormat\/BasicFormat.swift",
      "kind": "BooleanLiteral",
      "offset": 8689,
      "length": 4,
      "value": "true"
    },
    {
      "filePath": "\/tmp\/swift-syntax\/Sources\/SwiftBasicFormat\/BasicFormat.swift",
      "kind": "BooleanLiteral",
      "offset": 8808,
      "length": 4,
      "value": "true"
    },
    {
      "filePath": "\/tmp\/swift-syntax\/Sources\/SwiftBasicFormat\/BasicFormat.swift",
      "kind": "BooleanLiteral",
      "offset": 9626,
      "length": 4,
      "value": "true"
    },
    {
      "filePath": "\/tmp\/swift-syntax\/Sources\/SwiftBasicFormat\/BasicFormat.swift",
      "kind": "BooleanLiteral",
      "offset": 9657,
      "length": 5,
      "value": "false"
    },
    {
      "filePath": "\/tmp\/swift-syntax\/Sources\/SwiftBasicFormat\/BasicFormat.swift",
      "kind": "BooleanLiteral",
      "offset": 13324,
      "length": 5,
      "value": "false"
    },
    {
      "filePath": "\/tmp\/swift-syntax\/Sources\/SwiftBasicFormat\/BasicFormat.swift",
      "kind": "BooleanLiteral",
      "offset": 13509,
      "length": 5,
      "value": "false"
    },
    {
      "filePath": "\/tmp\/swift-syntax\/Sources\/SwiftBasicFormat\/BasicFormat.swift",
      "kind": "BooleanLiteral",
      "offset": 13691,
      "length": 5,
      "value": "false"
    },
    {
      "filePath": "\/tmp\/swift-syntax\/Sources\/SwiftBasicFormat\/BasicFormat.swift",
      "kind": "BooleanLiteral",
      "offset": 13864,
      "length": 5,
      "value": "false"
    },
    {
      "filePath": "\/tmp\/swift-syntax\/Sources\/SwiftBasicFormat\/BasicFormat.swift",
      "kind": "BooleanLiteral",
      "offset": 14216,
      "length": 5,
      "value": "false"
    },
    {
      "filePath": "\/tmp\/swift-syntax\/Sources\/SwiftBasicFormat\/BasicFormat.swift",
      "kind": "BooleanLiteral",
      "offset": 14265,
      "length": 4,
      "value": "true"
    },
    {
      "filePath": "\/tmp\/swift-syntax\/Sources\/SwiftBasicFormat\/BasicFormat.swift",
      "kind": "BooleanLiteral",
      "offset": 14650,
      "length": 4,
      "value": "true"
    },
    {
      "filePath": "\/tmp\/swift-syntax\/Sources\/SwiftBasicFormat\/BasicFormat.swift",
      "kind": "BooleanLiteral",
      "offset": 16402,
      "length": 5,
      "value": "false"
    },
    {
      "filePath": "\/tmp\/swift-syntax\/Sources\/SwiftBasicFormat\/BasicFormat.swift",
      "kind": "BooleanLiteral",
      "offset": 16987,
      "length": 4,
      "value": "true"
    },
    {
      "filePath": "\/tmp\/swift-syntax\/Sources\/SwiftBasicFormat\/BasicFormat.swift",
      "kind": "BooleanLiteral",
      "offset": 17071,
      "length": 4,
      "value": "true"
    },
    {
      "filePath": "\/tmp\/swift-syntax\/Sources\/SwiftBasicFormat\/BasicFormat.swift",
      "kind": "BooleanLiteral",
      "offset": 17425,
      "length": 4,
      "value": "true"
    },
    {
      "filePath": "\/tmp\/swift-syntax\/Sources\/SwiftBasicFormat\/BasicFormat.swift",
      "kind": "BooleanLiteral",
      "offset": 17918,
      "length": 5,
      "value": "false"
    },
    {
      "filePath": "\/tmp\/swift-syntax\/Sources\/SwiftBasicFormat\/BasicFormat.swift",
      "kind": "BooleanLiteral",
      "offset": 18331,
      "length": 5,
      "value": "false"
    },
    {
      "filePath": "\/tmp\/swift-syntax\/Sources\/SwiftBasicFormat\/BasicFormat.swift",
      "kind": "BooleanLiteral",
      "offset": 18413,
      "length": 4,
      "value": "true"
    },
    {
      "filePath": "\/tmp\/swift-syntax\/Sources\/SwiftBasicFormat\/BasicFormat.swift",
      "kind": "BooleanLiteral",
      "offset": 18515,
      "length": 5,
      "value": "false"
    },
    {
      "filePath": "\/tmp\/swift-syntax\/Sources\/SwiftBasicFormat\/BasicFormat.swift",
      "kind": "BooleanLiteral",
      "offset": 18540,
      "length": 4,
      "value": "true"
    },
    {
      "filePath": "\/tmp\/swift-syntax\/Sources\/SwiftBasicFormat\/BasicFormat.swift",
      "kind": "BooleanLiteral",
      "offset": 18654,
      "length": 4,
      "value": "true"
    },
    {
      "filePath": "\/tmp\/swift-syntax\/Sources\/SwiftBasicFormat\/BasicFormat.swift",
      "kind": "BooleanLiteral",
      "offset": 18895,
      "length": 4,
      "value": "true"
    },
    {
      "filePath": "\/tmp\/swift-syntax\/Sources\/SwiftBasicFormat\/BasicFormat.swift",
      "kind": "BooleanLiteral",
      "offset": 18921,
      "length": 5,
      "value": "false"
    },
    {
      "filePath": "\/tmp\/swift-syntax\/Sources\/SwiftBasicFormat\/BasicFormat.swift",
      "kind": "Array",
      "offset": 19287,
      "length": 2,
      "value": "[]"
    },
    {
      "filePath": "\/tmp\/swift-syntax\/Sources\/SwiftBasicFormat\/BasicFormat.swift",
      "kind": "BooleanLiteral",
      "offset": 19610,
      "length": 4,
      "value": "true"
    },
    {
      "filePath": "\/tmp\/swift-syntax\/Sources\/SwiftBasicFormat\/BasicFormat.swift",
      "kind": "BooleanLiteral",
      "offset": 19662,
      "length": 5,
      "value": "false"
    },
    {
      "filePath": "\/tmp\/swift-syntax\/Sources\/SwiftBasicFormat\/BasicFormat.swift",
      "kind": "BooleanLiteral",
      "offset": 19685,
      "length": 4,
      "value": "true"
    },
    {
      "filePath": "\/tmp\/swift-syntax\/Sources\/SwiftBasicFormat\/BasicFormat.swift",
      "kind": "BooleanLiteral",
      "offset": 19833,
      "length": 4,
      "value": "true"
    },
    {
      "filePath": "\/tmp\/swift-syntax\/Sources\/SwiftBasicFormat\/BasicFormat.swift",
      "kind": "BooleanLiteral",
      "offset": 19868,
      "length": 5,
      "value": "false"
    },
    {
      "filePath": "\/tmp\/swift-syntax\/Sources\/SwiftBasicFormat\/BasicFormat.swift",
      "kind": "Array",
      "offset": 20918,
      "length": 2,
      "value": "[]"
    },
    {
      "filePath": "\/tmp\/swift-syntax\/Sources\/SwiftBasicFormat\/BasicFormat.swift",
      "kind": "BooleanLiteral",
      "offset": 23307,
      "length": 5,
      "value": "false"
    },
    {
      "filePath": "\/tmp\/swift-syntax\/Sources\/SwiftBasicFormat\/BasicFormat.swift",
      "kind": "StringLiteral",
      "offset": 1003,
      "length": 11,
      "value": "\"SwiftBasicFormat.BasicFormat\""
    },
    {
      "filePath": "\/tmp\/swift-syntax\/Sources\/SwiftBasicFormat\/BasicFormat.swift",
      "kind": "BooleanLiteral",
      "offset": 24314,
      "length": 4,
      "value": "true"
    },
    {
      "filePath": "\/tmp\/swift-syntax\/Sources\/SwiftBasicFormat\/BasicFormat.swift",
      "kind": "BooleanLiteral",
      "offset": 24345,
      "length": 5,
      "value": "false"
    },
    {
      "filePath": "\/tmp\/swift-syntax\/Sources\/SwiftBasicFormat\/BasicFormat.swift",
      "kind": "BooleanLiteral",
      "offset": 24527,
      "length": 5,
      "value": "false"
    },
    {
      "filePath": "\/tmp\/swift-syntax\/Sources\/SwiftBasicFormat\/BasicFormat.swift",
      "kind": "BooleanLiteral",
      "offset": 24559,
      "length": 5,
      "value": "false"
    },
    {
      "filePath": "\/tmp\/swift-syntax\/Sources\/SwiftBasicFormat\/Syntax+Extensions.swift",
      "kind": "Array",
      "offset": 893,
      "length": 2,
      "value": "[]"
    },
    {
      "filePath": "\/tmp\/swift-syntax\/Sources\/SwiftBasicFormat\/Syntax+Extensions.swift",
      "kind": "BooleanLiteral",
      "offset": 939,
      "length": 5,
      "value": "false"
    },
    {
      "filePath": "\/tmp\/swift-syntax\/Sources\/SwiftBasicFormat\/Syntax+Extensions.swift",
      "kind": "Array",
      "offset": 1362,
      "length": 2,
      "value": "[]"
    },
    {
      "filePath": "\/tmp\/swift-syntax\/Sources\/SwiftBasicFormat\/Trivia+FormatExtensions.swift",
      "kind": "Array",
      "offset": 1017,
      "length": 2,
      "value": "[]"
    },
    {
      "filePath": "\/tmp\/swift-syntax\/Sources\/SwiftBasicFormat\/Trivia+FormatExtensions.swift",
      "kind": "BooleanLiteral",
      "offset": 1110,
      "length": 4,
      "value": "true"
    },
    {
      "filePath": "\/tmp\/swift-syntax\/Sources\/SwiftBasicFormat\/Trivia+FormatExtensions.swift",
      "kind": "BooleanLiteral",
      "offset": 1324,
      "length": 5,
      "value": "false"
    },
    {
      "filePath": "\/tmp\/swift-syntax\/Sources\/SwiftBasicFormat\/Trivia+FormatExtensions.swift",
      "kind": "BooleanLiteral",
      "offset": 1601,
      "length": 5,
      "value": "false"
    },
    {
      "filePath": "\/tmp\/swift-syntax\/Sources\/SwiftBasicFormat\/Trivia+FormatExtensions.swift",
      "kind": "IntegerLiteral",
      "offset": 2465,
      "length": 1,
      "value": "1"
    },
    {
      "filePath": "\/tmp\/swift-syntax\/Sources\/SwiftBasicFormat\/Trivia+FormatExtensions.swift",
      "kind": "Array",
      "offset": 2908,
      "length": 2,
      "value": "[]"
    },
    {
      "filePath": "\/tmp\/swift-syntax\/Sources\/SwiftBasicFormat\/Trivia+FormatExtensions.swift",
      "kind": "BooleanLiteral",
      "offset": 3282,
      "length": 5,
      "value": "false"
    },
    {
      "filePath": "\/tmp\/swift-syntax\/Sources\/SwiftBasicFormat\/Trivia+FormatExtensions.swift",
      "kind": "BooleanLiteral",
      "offset": 3414,
      "length": 5,
      "value": "false"
    },
    {
      "filePath": "\/tmp\/swift-syntax\/Sources\/SwiftBasicFormat\/Trivia+FormatExtensions.swift",
      "kind": "BooleanLiteral",
      "offset": 3549,
      "length": 5,
      "value": "false"
    },
    {
      "filePath": "\/tmp\/swift-syntax\/Sources\/SwiftBasicFormat\/Trivia+FormatExtensions.swift",
      "kind": "BooleanLiteral",
      "offset": 3683,
      "length": 5,
      "value": "false"
    }
  ]
}