{
  "ABIRoot": {
    "kind": "Root",
    "name": "TopLevel",
    "printedName": "TopLevel",
    "children": [
      {
        "kind": "Import",
        "name": "SwiftSyntax",
        "printedName": "SwiftSyntax",
        "declKind": "Import",
        "moduleName": "SwiftIDEUtils",
        "declAttributes": [
          "RawDocComment"
        ]
      },
      {
        "kind": "Import",
        "name": "SwiftSyntax",
        "printedName": "SwiftSyntax",
        "declKind": "Import",
        "moduleName": "SwiftIDEUtils",
        "declAttributes": [
          "SPIAccessControl",
          "RawDocComment"
        ]
      },
      {
        "kind": "TypeDecl",
        "name": "SyntaxClassification",
        "printedName": "SyntaxClassification",
        "children": [
          {
            "kind": "Var",
            "name": "attribute",
            "printedName": "attribute",
            "children": [
              {
                "kind": "TypeFunc",
                "name": "Function",
                "printedName": "(SwiftIDEUtils.SyntaxClassification.Type) -> SwiftIDEUtils.SyntaxClassification",
                "children": [
                  {
                    "kind": "TypeNominal",
                    "name": "SyntaxClassification",
                    "printedName": "SwiftIDEUtils.SyntaxClassification",
                    "usr": "s:13SwiftIDEUtils20SyntaxClassificationO"
                  },
                  {
                    "kind": "TypeNominal",
                    "name": "Metatype",
                    "printedName": "SwiftIDEUtils.SyntaxClassification.Type",
                    "children": [
                      {
                        "kind": "TypeNominal",
                        "name": "SyntaxClassification",
                        "printedName": "SwiftIDEUtils.SyntaxClassification",
                        "usr": "s:13SwiftIDEUtils20SyntaxClassificationO"
                      }
                    ]
                  }
                ]
              }
            ],
            "declKind": "EnumElement",
            "usr": "s:13SwiftIDEUtils20SyntaxClassificationO9attributeyA2CmF",
            "mangledName": "$s13SwiftIDEUtils20SyntaxClassificationO9attributeyA2CmF",
            "moduleName": "SwiftIDEUtils",
            "declAttributes": [
              "RawDocComment"
            ]
          },
          {
            "kind": "Var",
            "name": "blockComment",
            "printedName": "blockComment",
            "children": [
              {
                "kind": "TypeFunc",
                "name": "Function",
                "printedName": "(SwiftIDEUtils.SyntaxClassification.Type) -> SwiftIDEUtils.SyntaxClassification",
                "children": [
                  {
                    "kind": "TypeNominal",
                    "name": "SyntaxClassification",
                    "printedName": "SwiftIDEUtils.SyntaxClassification",
                    "usr": "s:13SwiftIDEUtils20SyntaxClassificationO"
                  },
                  {
                    "kind": "TypeNominal",
                    "name": "Metatype",
                    "printedName": "SwiftIDEUtils.SyntaxClassification.Type",
                    "children": [
                      {
                        "kind": "TypeNominal",
                        "name": "SyntaxClassification",
                        "printedName": "SwiftIDEUtils.SyntaxClassification",
                        "usr": "s:13SwiftIDEUtils20SyntaxClassificationO"
                      }
                    ]
                  }
                ]
              }
            ],
            "declKind": "EnumElement",
            "usr": "s:13SwiftIDEUtils20SyntaxClassificationO12blockCommentyA2CmF",
            "mangledName": "$s13SwiftIDEUtils20SyntaxClassificationO12blockCommentyA2CmF",
            "moduleName": "SwiftIDEUtils",
            "declAttributes": [
              "RawDocComment"
            ]
          },
          {
            "kind": "Var",
            "name": "docBlockComment",
            "printedName": "docBlockComment",
            "children": [
              {
                "kind": "TypeFunc",
                "name": "Function",
                "printedName": "(SwiftIDEUtils.SyntaxClassification.Type) -> SwiftIDEUtils.SyntaxClassification",
                "children": [
                  {
                    "kind": "TypeNominal",
                    "name": "SyntaxClassification",
                    "printedName": "SwiftIDEUtils.SyntaxClassification",
                    "usr": "s:13SwiftIDEUtils20SyntaxClassificationO"
                  },
                  {
                    "kind": "TypeNominal",
                    "name": "Metatype",
                    "printedName": "SwiftIDEUtils.SyntaxClassification.Type",
                    "children": [
                      {
                        "kind": "TypeNominal",
                        "name": "SyntaxClassification",
                        "printedName": "SwiftIDEUtils.SyntaxClassification",
                        "usr": "s:13SwiftIDEUtils20SyntaxClassificationO"
                      }
                    ]
                  }
                ]
              }
            ],
            "declKind": "EnumElement",
            "usr": "s:13SwiftIDEUtils20SyntaxClassificationO15docBlockCommentyA2CmF",
            "mangledName": "$s13SwiftIDEUtils20SyntaxClassificationO15docBlockCommentyA2CmF",
            "moduleName": "SwiftIDEUtils",
            "declAttributes": [
              "RawDocComment"
            ]
          },
          {
            "kind": "Var",
            "name": "docLineComment",
            "printedName": "docLineComment",
            "children": [
              {
                "kind": "TypeFunc",
                "name": "Function",
                "printedName": "(SwiftIDEUtils.SyntaxClassification.Type) -> SwiftIDEUtils.SyntaxClassification",
                "children": [
                  {
                    "kind": "TypeNominal",
                    "name": "SyntaxClassification",
                    "printedName": "SwiftIDEUtils.SyntaxClassification",
                    "usr": "s:13SwiftIDEUtils20SyntaxClassificationO"
                  },
                  {
                    "kind": "TypeNominal",
                    "name": "Metatype",
                    "printedName": "SwiftIDEUtils.SyntaxClassification.Type",
                    "children": [
                      {
                        "kind": "TypeNominal",
                        "name": "SyntaxClassification",
                        "printedName": "SwiftIDEUtils.SyntaxClassification",
                        "usr": "s:13SwiftIDEUtils20SyntaxClassificationO"
                      }
                    ]
                  }
                ]
              }
            ],
            "declKind": "EnumElement",
            "usr": "s:13SwiftIDEUtils20SyntaxClassificationO14docLineCommentyA2CmF",
            "mangledName": "$s13SwiftIDEUtils20SyntaxClassificationO14docLineCommentyA2CmF",
            "moduleName": "SwiftIDEUtils",
            "declAttributes": [
              "RawDocComment"
            ]
          },
          {
            "kind": "Var",
            "name": "dollarIdentifier",
            "printedName": "dollarIdentifier",
            "children": [
              {
                "kind": "TypeFunc",
                "name": "Function",
                "printedName": "(SwiftIDEUtils.SyntaxClassification.Type) -> SwiftIDEUtils.SyntaxClassification",
                "children": [
                  {
                    "kind": "TypeNominal",
                    "name": "SyntaxClassification",
                    "printedName": "SwiftIDEUtils.SyntaxClassification",
                    "usr": "s:13SwiftIDEUtils20SyntaxClassificationO"
                  },
                  {
                    "kind": "TypeNominal",
                    "name": "Metatype",
                    "printedName": "SwiftIDEUtils.SyntaxClassification.Type",
                    "children": [
                      {
                        "kind": "TypeNominal",
                        "name": "SyntaxClassification",
                        "printedName": "SwiftIDEUtils.SyntaxClassification",
                        "usr": "s:13SwiftIDEUtils20SyntaxClassificationO"
                      }
                    ]
                  }
                ]
              }
            ],
            "declKind": "EnumElement",
            "usr": "s:13SwiftIDEUtils20SyntaxClassificationO16dollarIdentifieryA2CmF",
            "mangledName": "$s13SwiftIDEUtils20SyntaxClassificationO16dollarIdentifieryA2CmF",
            "moduleName": "SwiftIDEUtils",
            "declAttributes": [
              "RawDocComment"
            ]
          },
          {
            "kind": "Var",
            "name": "editorPlaceholder",
            "printedName": "editorPlaceholder",
            "children": [
              {
                "kind": "TypeFunc",
                "name": "Function",
                "printedName": "(SwiftIDEUtils.SyntaxClassification.Type) -> SwiftIDEUtils.SyntaxClassification",
                "children": [
                  {
                    "kind": "TypeNominal",
                    "name": "SyntaxClassification",
                    "printedName": "SwiftIDEUtils.SyntaxClassification",
                    "usr": "s:13SwiftIDEUtils20SyntaxClassificationO"
                  },
                  {
                    "kind": "TypeNominal",
                    "name": "Metatype",
                    "printedName": "SwiftIDEUtils.SyntaxClassification.Type",
                    "children": [
                      {
                        "kind": "TypeNominal",
                        "name": "SyntaxClassification",
                        "printedName": "SwiftIDEUtils.SyntaxClassification",
                        "usr": "s:13SwiftIDEUtils20SyntaxClassificationO"
                      }
                    ]
                  }
                ]
              }
            ],
            "declKind": "EnumElement",
            "usr": "s:13SwiftIDEUtils20SyntaxClassificationO17editorPlaceholderyA2CmF",
            "mangledName": "$s13SwiftIDEUtils20SyntaxClassificationO17editorPlaceholderyA2CmF",
            "moduleName": "SwiftIDEUtils",
            "declAttributes": [
              "RawDocComment"
            ]
          },
          {
            "kind": "Var",
            "name": "floatLiteral",
            "printedName": "floatLiteral",
            "children": [
              {
                "kind": "TypeFunc",
                "name": "Function",
                "printedName": "(SwiftIDEUtils.SyntaxClassification.Type) -> SwiftIDEUtils.SyntaxClassification",
                "children": [
                  {
                    "kind": "TypeNominal",
                    "name": "SyntaxClassification",
                    "printedName": "SwiftIDEUtils.SyntaxClassification",
                    "usr": "s:13SwiftIDEUtils20SyntaxClassificationO"
                  },
                  {
                    "kind": "TypeNominal",
                    "name": "Metatype",
                    "printedName": "SwiftIDEUtils.SyntaxClassification.Type",
                    "children": [
                      {
                        "kind": "TypeNominal",
                        "name": "SyntaxClassification",
                        "printedName": "SwiftIDEUtils.SyntaxClassification",
                        "usr": "s:13SwiftIDEUtils20SyntaxClassificationO"
                      }
                    ]
                  }
                ]
              }
            ],
            "declKind": "EnumElement",
            "usr": "s:13SwiftIDEUtils20SyntaxClassificationO12floatLiteralyA2CmF",
            "mangledName": "$s13SwiftIDEUtils20SyntaxClassificationO12floatLiteralyA2CmF",
            "moduleName": "SwiftIDEUtils",
            "declAttributes": [
              "RawDocComment"
            ]
          },
          {
            "kind": "Var",
            "name": "identifier",
            "printedName": "identifier",
            "children": [
              {
                "kind": "TypeFunc",
                "name": "Function",
                "printedName": "(SwiftIDEUtils.SyntaxClassification.Type) -> SwiftIDEUtils.SyntaxClassification",
                "children": [
                  {
                    "kind": "TypeNominal",
                    "name": "SyntaxClassification",
                    "printedName": "SwiftIDEUtils.SyntaxClassification",
                    "usr": "s:13SwiftIDEUtils20SyntaxClassificationO"
                  },
                  {
                    "kind": "TypeNominal",
                    "name": "Metatype",
                    "printedName": "SwiftIDEUtils.SyntaxClassification.Type",
                    "children": [
                      {
                        "kind": "TypeNominal",
                        "name": "SyntaxClassification",
                        "printedName": "SwiftIDEUtils.SyntaxClassification",
                        "usr": "s:13SwiftIDEUtils20SyntaxClassificationO"
                      }
                    ]
                  }
                ]
              }
            ],
            "declKind": "EnumElement",
            "usr": "s:13SwiftIDEUtils20SyntaxClassificationO10identifieryA2CmF",
            "mangledName": "$s13SwiftIDEUtils20SyntaxClassificationO10identifieryA2CmF",
            "moduleName": "SwiftIDEUtils",
            "declAttributes": [
              "RawDocComment"
            ]
          },
          {
            "kind": "Var",
            "name": "ifConfigDirective",
            "printedName": "ifConfigDirective",
            "children": [
              {
                "kind": "TypeFunc",
                "name": "Function",
                "printedName": "(SwiftIDEUtils.SyntaxClassification.Type) -> SwiftIDEUtils.SyntaxClassification",
                "children": [
                  {
                    "kind": "TypeNominal",
                    "name": "SyntaxClassification",
                    "printedName": "SwiftIDEUtils.SyntaxClassification",
                    "usr": "s:13SwiftIDEUtils20SyntaxClassificationO"
                  },
                  {
                    "kind": "TypeNominal",
                    "name": "Metatype",
                    "printedName": "SwiftIDEUtils.SyntaxClassification.Type",
                    "children": [
                      {
                        "kind": "TypeNominal",
                        "name": "SyntaxClassification",
                        "printedName": "SwiftIDEUtils.SyntaxClassification",
                        "usr": "s:13SwiftIDEUtils20SyntaxClassificationO"
                      }
                    ]
                  }
                ]
              }
            ],
            "declKind": "EnumElement",
            "usr": "s:13SwiftIDEUtils20SyntaxClassificationO17ifConfigDirectiveyA2CmF",
            "mangledName": "$s13SwiftIDEUtils20SyntaxClassificationO17ifConfigDirectiveyA2CmF",
            "moduleName": "SwiftIDEUtils",
            "declAttributes": [
              "RawDocComment"
            ]
          },
          {
            "kind": "Var",
            "name": "integerLiteral",
            "printedName": "integerLiteral",
            "children": [
              {
                "kind": "TypeFunc",
                "name": "Function",
                "printedName": "(SwiftIDEUtils.SyntaxClassification.Type) -> SwiftIDEUtils.SyntaxClassification",
                "children": [
                  {
                    "kind": "TypeNominal",
                    "name": "SyntaxClassification",
                    "printedName": "SwiftIDEUtils.SyntaxClassification",
                    "usr": "s:13SwiftIDEUtils20SyntaxClassificationO"
                  },
                  {
                    "kind": "TypeNominal",
                    "name": "Metatype",
                    "printedName": "SwiftIDEUtils.SyntaxClassification.Type",
                    "children": [
                      {
                        "kind": "TypeNominal",
                        "name": "SyntaxClassification",
                        "printedName": "SwiftIDEUtils.SyntaxClassification",
                        "usr": "s:13SwiftIDEUtils20SyntaxClassificationO"
                      }
                    ]
                  }
                ]
              }
            ],
            "declKind": "EnumElement",
            "usr": "s:13SwiftIDEUtils20SyntaxClassificationO14integerLiteralyA2CmF",
            "mangledName": "$s13SwiftIDEUtils20SyntaxClassificationO14integerLiteralyA2CmF",
            "moduleName": "SwiftIDEUtils",
            "declAttributes": [
              "RawDocComment"
            ]
          },
          {
            "kind": "Var",
            "name": "keyword",
            "printedName": "keyword",
            "children": [
              {
                "kind": "TypeFunc",
                "name": "Function",
                "printedName": "(SwiftIDEUtils.SyntaxClassification.Type) -> SwiftIDEUtils.SyntaxClassification",
                "children": [
                  {
                    "kind": "TypeNominal",
                    "name": "SyntaxClassification",
                    "printedName": "SwiftIDEUtils.SyntaxClassification",
                    "usr": "s:13SwiftIDEUtils20SyntaxClassificationO"
                  },
                  {
                    "kind": "TypeNominal",
                    "name": "Metatype",
                    "printedName": "SwiftIDEUtils.SyntaxClassification.Type",
                    "children": [
                      {
                        "kind": "TypeNominal",
                        "name": "SyntaxClassification",
                        "printedName": "SwiftIDEUtils.SyntaxClassification",
                        "usr": "s:13SwiftIDEUtils20SyntaxClassificationO"
                      }
                    ]
                  }
                ]
              }
            ],
            "declKind": "EnumElement",
            "usr": "s:13SwiftIDEUtils20SyntaxClassificationO7keywordyA2CmF",
            "mangledName": "$s13SwiftIDEUtils20SyntaxClassificationO7keywordyA2CmF",
            "moduleName": "SwiftIDEUtils",
            "declAttributes": [
              "RawDocComment"
            ]
          },
          {
            "kind": "Var",
            "name": "lineComment",
            "printedName": "lineComment",
            "children": [
              {
                "kind": "TypeFunc",
                "name": "Function",
                "printedName": "(SwiftIDEUtils.SyntaxClassification.Type) -> SwiftIDEUtils.SyntaxClassification",
                "children": [
                  {
                    "kind": "TypeNominal",
                    "name": "SyntaxClassification",
                    "printedName": "SwiftIDEUtils.SyntaxClassification",
                    "usr": "s:13SwiftIDEUtils20SyntaxClassificationO"
                  },
                  {
                    "kind": "TypeNominal",
                    "name": "Metatype",
                    "printedName": "SwiftIDEUtils.SyntaxClassification.Type",
                    "children": [
                      {
                        "kind": "TypeNominal",
                        "name": "SyntaxClassification",
                        "printedName": "SwiftIDEUtils.SyntaxClassification",
                        "usr": "s:13SwiftIDEUtils20SyntaxClassificationO"
                      }
                    ]
                  }
                ]
              }
            ],
            "declKind": "EnumElement",
            "usr": "s:13SwiftIDEUtils20SyntaxClassificationO11lineCommentyA2CmF",
            "mangledName": "$s13SwiftIDEUtils20SyntaxClassificationO11lineCommentyA2CmF",
            "moduleName": "SwiftIDEUtils",
            "declAttributes": [
              "RawDocComment"
            ]
          },
          {
            "kind": "Var",
            "name": "none",
            "printedName": "none",
            "children": [
              {
                "kind": "TypeFunc",
                "name": "Function",
                "printedName": "(SwiftIDEUtils.SyntaxClassification.Type) -> SwiftIDEUtils.SyntaxClassification",
                "children": [
                  {
                    "kind": "TypeNominal",
                    "name": "SyntaxClassification",
                    "printedName": "SwiftIDEUtils.SyntaxClassification",
                    "usr": "s:13SwiftIDEUtils20SyntaxClassificationO"
                  },
                  {
                    "kind": "TypeNominal",
                    "name": "Metatype",
                    "printedName": "SwiftIDEUtils.SyntaxClassification.Type",
                    "children": [
                      {
                        "kind": "TypeNominal",
                        "name": "SyntaxClassification",
                        "printedName": "SwiftIDEUtils.SyntaxClassification",
                        "usr": "s:13SwiftIDEUtils20SyntaxClassificationO"
                      }
                    ]
                  }
                ]
              }
            ],
            "declKind": "EnumElement",
            "usr": "s:13SwiftIDEUtils20SyntaxClassificationO4noneyA2CmF",
            "mangledName": "$s13SwiftIDEUtils20SyntaxClassificationO4noneyA2CmF",
            "moduleName": "SwiftIDEUtils",
            "declAttributes": [
              "RawDocComment"
            ]
          },
          {
            "kind": "Var",
            "name": "operator",
            "printedName": "operator",
            "children": [
              {
                "kind": "TypeFunc",
                "name": "Function",
                "printedName": "(SwiftIDEUtils.SyntaxClassification.Type) -> SwiftIDEUtils.SyntaxClassification",
                "children": [
                  {
                    "kind": "TypeNominal",
                    "name": "SyntaxClassification",
                    "printedName": "SwiftIDEUtils.SyntaxClassification",
                    "usr": "s:13SwiftIDEUtils20SyntaxClassificationO"
                  },
                  {
                    "kind": "TypeNominal",
                    "name": "Metatype",
                    "printedName": "SwiftIDEUtils.SyntaxClassification.Type",
                    "children": [
                      {
                        "kind": "TypeNominal",
                        "name": "SyntaxClassification",
                        "printedName": "SwiftIDEUtils.SyntaxClassification",
                        "usr": "s:13SwiftIDEUtils20SyntaxClassificationO"
                      }
                    ]
                  }
                ]
              }
            ],
            "declKind": "EnumElement",
            "usr": "s:13SwiftIDEUtils20SyntaxClassificationO8operatoryA2CmF",
            "mangledName": "$s13SwiftIDEUtils20SyntaxClassificationO8operatoryA2CmF",
            "moduleName": "SwiftIDEUtils",
            "declAttributes": [
              "RawDocComment"
            ]
          },
          {
            "kind": "Var",
            "name": "regexLiteral",
            "printedName": "regexLiteral",
            "children": [
              {
                "kind": "TypeFunc",
                "name": "Function",
                "printedName": "(SwiftIDEUtils.SyntaxClassification.Type) -> SwiftIDEUtils.SyntaxClassification",
                "children": [
                  {
                    "kind": "TypeNominal",
                    "name": "SyntaxClassification",
                    "printedName": "SwiftIDEUtils.SyntaxClassification",
                    "usr": "s:13SwiftIDEUtils20SyntaxClassificationO"
                  },
                  {
                    "kind": "TypeNominal",
                    "name": "Metatype",
                    "printedName": "SwiftIDEUtils.SyntaxClassification.Type",
                    "children": [
                      {
                        "kind": "TypeNominal",
                        "name": "SyntaxClassification",
                        "printedName": "SwiftIDEUtils.SyntaxClassification",
                        "usr": "s:13SwiftIDEUtils20SyntaxClassificationO"
                      }
                    ]
                  }
                ]
              }
            ],
            "declKind": "EnumElement",
            "usr": "s:13SwiftIDEUtils20SyntaxClassificationO12regexLiteralyA2CmF",
            "mangledName": "$s13SwiftIDEUtils20SyntaxClassificationO12regexLiteralyA2CmF",
            "moduleName": "SwiftIDEUtils",
            "declAttributes": [
              "RawDocComment"
            ]
          },
          {
            "kind": "Var",
            "name": "stringLiteral",
            "printedName": "stringLiteral",
            "children": [
              {
                "kind": "TypeFunc",
                "name": "Function",
                "printedName": "(SwiftIDEUtils.SyntaxClassification.Type) -> SwiftIDEUtils.SyntaxClassification",
                "children": [
                  {
                    "kind": "TypeNominal",
                    "name": "SyntaxClassification",
                    "printedName": "SwiftIDEUtils.SyntaxClassification",
                    "usr": "s:13SwiftIDEUtils20SyntaxClassificationO"
                  },
                  {
                    "kind": "TypeNominal",
                    "name": "Metatype",
                    "printedName": "SwiftIDEUtils.SyntaxClassification.Type",
                    "children": [
                      {
                        "kind": "TypeNominal",
                        "name": "SyntaxClassification",
                        "printedName": "SwiftIDEUtils.SyntaxClassification",
                        "usr": "s:13SwiftIDEUtils20SyntaxClassificationO"
                      }
                    ]
                  }
                ]
              }
            ],
            "declKind": "EnumElement",
            "usr": "s:13SwiftIDEUtils20SyntaxClassificationO13stringLiteralyA2CmF",
            "mangledName": "$s13SwiftIDEUtils20SyntaxClassificationO13stringLiteralyA2CmF",
            "moduleName": "SwiftIDEUtils",
            "declAttributes": [
              "RawDocComment"
            ]
          },
          {
            "kind": "Var",
            "name": "type",
            "printedName": "type",
            "children": [
              {
                "kind": "TypeFunc",
                "name": "Function",
                "printedName": "(SwiftIDEUtils.SyntaxClassification.Type) -> SwiftIDEUtils.SyntaxClassification",
                "children": [
                  {
                    "kind": "TypeNominal",
                    "name": "SyntaxClassification",
                    "printedName": "SwiftIDEUtils.SyntaxClassification",
                    "usr": "s:13SwiftIDEUtils20SyntaxClassificationO"
                  },
                  {
                    "kind": "TypeNominal",
                    "name": "Metatype",
                    "printedName": "SwiftIDEUtils.SyntaxClassification.Type",
                    "children": [
                      {
                        "kind": "TypeNominal",
                        "name": "SyntaxClassification",
                        "printedName": "SwiftIDEUtils.SyntaxClassification",
                        "usr": "s:13SwiftIDEUtils20SyntaxClassificationO"
                      }
                    ]
                  }
                ]
              }
            ],
            "declKind": "EnumElement",
            "usr": "s:13SwiftIDEUtils20SyntaxClassificationO4typeyA2CmF",
            "mangledName": "$s13SwiftIDEUtils20SyntaxClassificationO4typeyA2CmF",
            "moduleName": "SwiftIDEUtils",
            "declAttributes": [
              "RawDocComment"
            ]
          },
          {
            "kind": "Function",
            "name": "==",
            "printedName": "==(_:_:)",
            "children": [
              {
                "kind": "TypeNominal",
                "name": "Bool",
                "printedName": "Swift.Bool",
                "usr": "s:Sb"
              },
              {
                "kind": "TypeNominal",
                "name": "SyntaxClassification",
                "printedName": "SwiftIDEUtils.SyntaxClassification",
                "usr": "s:13SwiftIDEUtils20SyntaxClassificationO"
              },
              {
                "kind": "TypeNominal",
                "name": "SyntaxClassification",
                "printedName": "SwiftIDEUtils.SyntaxClassification",
                "usr": "s:13SwiftIDEUtils20SyntaxClassificationO"
              }
            ],
            "declKind": "Func",
            "usr": "s:13SwiftIDEUtils20SyntaxClassificationO2eeoiySbAC_ACtFZ",
            "mangledName": "$s13SwiftIDEUtils20SyntaxClassificationO2eeoiySbAC_ACtFZ",
            "moduleName": "SwiftIDEUtils",
            "static": true,
            "implicit": true,
            "funcSelfKind": "NonMutating"
          },
          {
            "kind": "Var",
            "name": "hashValue",
            "printedName": "hashValue",
            "children": [
              {
                "kind": "TypeNominal",
                "name": "Int",
                "printedName": "Swift.Int",
                "usr": "s:Si"
              }
            ],
            "declKind": "Var",
            "usr": "s:13SwiftIDEUtils20SyntaxClassificationO9hashValueSivp",
            "mangledName": "$s13SwiftIDEUtils20SyntaxClassificationO9hashValueSivp",
            "moduleName": "SwiftIDEUtils",
            "implicit": true,
            "accessors": [
              {
                "kind": "Accessor",
                "name": "Get",
                "printedName": "Get()",
                "children": [
                  {
                    "kind": "TypeNominal",
                    "name": "Int",
                    "printedName": "Swift.Int",
                    "usr": "s:Si"
                  }
                ],
                "declKind": "Accessor",
                "usr": "s:13SwiftIDEUtils20SyntaxClassificationO9hashValueSivg",
                "mangledName": "$s13SwiftIDEUtils20SyntaxClassificationO9hashValueSivg",
                "moduleName": "SwiftIDEUtils",
                "implicit": true,
                "accessorKind": "get"
              }
            ]
          },
          {
            "kind": "Function",
            "name": "hash",
            "printedName": "hash(into:)",
            "children": [
              {
                "kind": "TypeNominal",
                "name": "Void",
                "printedName": "()"
              },
              {
                "kind": "TypeNominal",
                "name": "Hasher",
                "printedName": "Swift.Hasher",
                "paramValueOwnership": "InOut",
                "usr": "s:s6HasherV"
              }
            ],
            "declKind": "Func",
            "usr": "s:13SwiftIDEUtils20SyntaxClassificationO4hash4intoys6HasherVz_tF",
            "mangledName": "$s13SwiftIDEUtils20SyntaxClassificationO4hash4intoys6HasherVz_tF",
            "moduleName": "SwiftIDEUtils",
            "implicit": true,
            "funcSelfKind": "NonMutating"
          },
          {
            "kind": "Var",
            "name": "poundDirective",
            "printedName": "poundDirective",
            "children": [
              {
                "kind": "TypeNominal",
                "name": "SyntaxClassification",
                "printedName": "SwiftIDEUtils.SyntaxClassification",
                "usr": "s:13SwiftIDEUtils20SyntaxClassificationO"
              }
            ],
            "declKind": "Var",
            "usr": "s:13SwiftIDEUtils20SyntaxClassificationO14poundDirectiveACvpZ",
            "mangledName": "$s13SwiftIDEUtils20SyntaxClassificationO14poundDirectiveACvpZ",
            "moduleName": "SwiftIDEUtils",
            "static": true,
            "deprecated": true,
            "declAttributes": [
              "Available",
              "RawDocComment"
            ],
            "isFromExtension": true,
            "accessors": [
              {
                "kind": "Accessor",
                "name": "Get",
                "printedName": "Get()",
                "children": [
                  {
                    "kind": "TypeNominal",
                    "name": "SyntaxClassification",
                    "printedName": "SwiftIDEUtils.SyntaxClassification",
                    "usr": "s:13SwiftIDEUtils20SyntaxClassificationO"
                  }
                ],
                "declKind": "Accessor",
                "usr": "s:13SwiftIDEUtils20SyntaxClassificationO14poundDirectiveACvgZ",
                "mangledName": "$s13SwiftIDEUtils20SyntaxClassificationO14poundDirectiveACvgZ",
                "moduleName": "SwiftIDEUtils",
                "static": true,
                "isFromExtension": true,
                "accessorKind": "get"
              }
            ]
          },
          {
            "kind": "Var",
            "name": "buildConfigId",
            "printedName": "buildConfigId",
            "children": [
              {
                "kind": "TypeNominal",
                "name": "SyntaxClassification",
                "printedName": "SwiftIDEUtils.SyntaxClassification",
                "usr": "s:13SwiftIDEUtils20SyntaxClassificationO"
              }
            ],
            "declKind": "Var",
            "usr": "s:13SwiftIDEUtils20SyntaxClassificationO13buildConfigIdACvpZ",
            "mangledName": "$s13SwiftIDEUtils20SyntaxClassificationO13buildConfigIdACvpZ",
            "moduleName": "SwiftIDEUtils",
            "static": true,
            "deprecated": true,
            "declAttributes": [
              "Available"
            ],
            "isFromExtension": true,
            "accessors": [
              {
                "kind": "Accessor",
                "name": "Get",
                "printedName": "Get()",
                "children": [
                  {
                    "kind": "TypeNominal",
                    "name": "SyntaxClassification",
                    "printedName": "SwiftIDEUtils.SyntaxClassification",
                    "usr": "s:13SwiftIDEUtils20SyntaxClassificationO"
                  }
                ],
                "declKind": "Accessor",
                "usr": "s:13SwiftIDEUtils20SyntaxClassificationO13buildConfigIdACvgZ",
                "mangledName": "$s13SwiftIDEUtils20SyntaxClassificationO13buildConfigIdACvgZ",
                "moduleName": "SwiftIDEUtils",
                "static": true,
                "isFromExtension": true,
                "accessorKind": "get"
              }
            ]
          },
          {
            "kind": "Var",
            "name": "stringInterpolationAnchor",
            "printedName": "stringInterpolationAnchor",
            "children": [
              {
                "kind": "TypeNominal",
                "name": "SyntaxClassification",
                "printedName": "SwiftIDEUtils.SyntaxClassification",
                "usr": "s:13SwiftIDEUtils20SyntaxClassificationO"
              }
            ],
            "declKind": "Var",
            "usr": "s:13SwiftIDEUtils20SyntaxClassificationO25stringInterpolationAnchorACvpZ",
            "mangledName": "$s13SwiftIDEUtils20SyntaxClassificationO25stringInterpolationAnchorACvpZ",
            "moduleName": "SwiftIDEUtils",
            "static": true,
            "deprecated": true,
            "declAttributes": [
              "Available"
            ],
            "isFromExtension": true,
            "accessors": [
              {
                "kind": "Accessor",
                "name": "Get",
                "printedName": "Get()",
                "children": [
                  {
                    "kind": "TypeNominal",
                    "name": "SyntaxClassification",
                    "printedName": "SwiftIDEUtils.SyntaxClassification",
                    "usr": "s:13SwiftIDEUtils20SyntaxClassificationO"
                  }
                ],
                "declKind": "Accessor",
                "usr": "s:13SwiftIDEUtils20SyntaxClassificationO25stringInterpolationAnchorACvgZ",
                "mangledName": "$s13SwiftIDEUtils20SyntaxClassificationO25stringInterpolationAnchorACvgZ",
                "moduleName": "SwiftIDEUtils",
                "static": true,
                "isFromExtension": true,
                "accessorKind": "get"
              }
            ]
          },
          {
            "kind": "Var",
            "name": "typeIdentifier",
            "printedName": "typeIdentifier",
            "children": [
              {
                "kind": "TypeNominal",
                "name": "SyntaxClassification",
                "printedName": "SwiftIDEUtils.SyntaxClassification",
                "usr": "s:13SwiftIDEUtils20SyntaxClassificationO"
              }
            ],
            "declKind": "Var",
            "usr": "s:13SwiftIDEUtils20SyntaxClassificationO14typeIdentifierACvpZ",
            "mangledName": "$s13SwiftIDEUtils20SyntaxClassificationO14typeIdentifierACvpZ",
            "moduleName": "SwiftIDEUtils",
            "static": true,
            "deprecated": true,
            "declAttributes": [
              "Available"
            ],
            "isFromExtension": true,
            "accessors": [
              {
                "kind": "Accessor",
                "name": "Get",
                "printedName": "Get()",
                "children": [
                  {
                    "kind": "TypeNominal",
                    "name": "SyntaxClassification",
                    "printedName": "SwiftIDEUtils.SyntaxClassification",
                    "usr": "s:13SwiftIDEUtils20SyntaxClassificationO"
                  }
                ],
                "declKind": "Accessor",
                "usr": "s:13SwiftIDEUtils20SyntaxClassificationO14typeIdentifierACvgZ",
                "mangledName": "$s13SwiftIDEUtils20SyntaxClassificationO14typeIdentifierACvgZ",
                "moduleName": "SwiftIDEUtils",
                "static": true,
                "isFromExtension": true,
                "accessorKind": "get"
              }
            ]
          },
          {
            "kind": "Var",
            "name": "operatorIdentifier",
            "printedName": "operatorIdentifier",
            "children": [
              {
                "kind": "TypeNominal",
                "name": "SyntaxClassification",
                "printedName": "SwiftIDEUtils.SyntaxClassification",
                "usr": "s:13SwiftIDEUtils20SyntaxClassificationO"
              }
            ],
            "declKind": "Var",
            "usr": "s:13SwiftIDEUtils20SyntaxClassificationO18operatorIdentifierACvpZ",
            "mangledName": "$s13SwiftIDEUtils20SyntaxClassificationO18operatorIdentifierACvpZ",
            "moduleName": "SwiftIDEUtils",
            "static": true,
            "deprecated": true,
            "declAttributes": [
              "Available"
            ],
            "isFromExtension": true,
            "accessors": [
              {
                "kind": "Accessor",
                "name": "Get",
                "printedName": "Get()",
                "children": [
                  {
                    "kind": "TypeNominal",
                    "name": "SyntaxClassification",
                    "printedName": "SwiftIDEUtils.SyntaxClassification",
                    "usr": "s:13SwiftIDEUtils20SyntaxClassificationO"
                  }
                ],
                "declKind": "Accessor",
                "usr": "s:13SwiftIDEUtils20SyntaxClassificationO18operatorIdentifierACvgZ",
                "mangledName": "$s13SwiftIDEUtils20SyntaxClassificationO18operatorIdentifierACvgZ",
                "moduleName": "SwiftIDEUtils",
                "static": true,
                "isFromExtension": true,
                "accessorKind": "get"
              }
            ]
          },
          {
            "kind": "Var",
            "name": "floatingLiteral",
            "printedName": "floatingLiteral",
            "children": [
              {
                "kind": "TypeNominal",
                "name": "SyntaxClassification",
                "printedName": "SwiftIDEUtils.SyntaxClassification",
                "usr": "s:13SwiftIDEUtils20SyntaxClassificationO"
              }
            ],
            "declKind": "Var",
            "usr": "s:13SwiftIDEUtils20SyntaxClassificationO15floatingLiteralACvpZ",
            "mangledName": "$s13SwiftIDEUtils20SyntaxClassificationO15floatingLiteralACvpZ",
            "moduleName": "SwiftIDEUtils",
            "static": true,
            "deprecated": true,
            "declAttributes": [
              "Available"
            ],
            "isFromExtension": true,
            "accessors": [
              {
                "kind": "Accessor",
                "name": "Get",
                "printedName": "Get()",
                "children": [
                  {
                    "kind": "TypeNominal",
                    "name": "SyntaxClassification",
                    "printedName": "SwiftIDEUtils.SyntaxClassification",
                    "usr": "s:13SwiftIDEUtils20SyntaxClassificationO"
                  }
                ],
                "declKind": "Accessor",
                "usr": "s:13SwiftIDEUtils20SyntaxClassificationO15floatingLiteralACvgZ",
                "mangledName": "$s13SwiftIDEUtils20SyntaxClassificationO15floatingLiteralACvgZ",
                "moduleName": "SwiftIDEUtils",
                "static": true,
                "isFromExtension": true,
                "accessorKind": "get"
              }
            ]
          }
        ],
        "declKind": "Enum",
        "usr": "s:13SwiftIDEUtils20SyntaxClassificationO",
        "mangledName": "$s13SwiftIDEUtils20SyntaxClassificationO",
        "moduleName": "SwiftIDEUtils",
        "declAttributes": [
          "AccessControl"
        ],
        "conformances": [
          {
            "kind": "Conformance",
            "name": "Equatable",
            "printedName": "Equatable",
            "usr": "s:SQ",
            "mangledName": "$sSQ"
          },
          {
            "kind": "Conformance",
            "name": "Hashable",
            "printedName": "Hashable",
            "usr": "s:SH",
            "mangledName": "$sSH"
          }
        ]
      },
      {
        "kind": "Import",
        "name": "SwiftSyntax",
        "printedName": "SwiftSyntax",
        "declKind": "Import",
        "moduleName": "SwiftIDEUtils",
        "declAttributes": [
          "SPIAccessControl",
          "RawDocComment"
        ]
      },
      {
        "kind": "TypeDecl",
        "name": "SyntaxClassifiedRange",
        "printedName": "SyntaxClassifiedRange",
        "children": [
          {
            "kind": "Var",
            "name": "kind",
            "printedName": "kind",
            "children": [
              {
                "kind": "TypeNominal",
                "name": "SyntaxClassification",
                "printedName": "SwiftIDEUtils.SyntaxClassification",
                "usr": "s:13SwiftIDEUtils20SyntaxClassificationO"
              }
            ],
            "declKind": "Var",
            "usr": "s:13SwiftIDEUtils21SyntaxClassifiedRangeV4kindAA0C14ClassificationOvp",
            "mangledName": "$s13SwiftIDEUtils21SyntaxClassifiedRangeV4kindAA0C14ClassificationOvp",
            "moduleName": "SwiftIDEUtils",
            "declAttributes": [
              "HasStorage",
              "AccessControl"
            ],
            "hasStorage": true,
            "accessors": [
              {
                "kind": "Accessor",
                "name": "Get",
                "printedName": "Get()",
                "children": [
                  {
                    "kind": "TypeNominal",
                    "name": "SyntaxClassification",
                    "printedName": "SwiftIDEUtils.SyntaxClassification",
                    "usr": "s:13SwiftIDEUtils20SyntaxClassificationO"
                  }
                ],
                "declKind": "Accessor",
                "usr": "s:13SwiftIDEUtils21SyntaxClassifiedRangeV4kindAA0C14ClassificationOvg",
                "mangledName": "$s13SwiftIDEUtils21SyntaxClassifiedRangeV4kindAA0C14ClassificationOvg",
                "moduleName": "SwiftIDEUtils",
                "implicit": true,
                "accessorKind": "get"
              },
              {
                "kind": "Accessor",
                "name": "Set",
                "printedName": "Set()",
                "children": [
                  {
                    "kind": "TypeNominal",
                    "name": "Void",
                    "printedName": "()"
                  },
                  {
                    "kind": "TypeNominal",
                    "name": "SyntaxClassification",
                    "printedName": "SwiftIDEUtils.SyntaxClassification",
                    "usr": "s:13SwiftIDEUtils20SyntaxClassificationO"
                  }
                ],
                "declKind": "Accessor",
                "usr": "s:13SwiftIDEUtils21SyntaxClassifiedRangeV4kindAA0C14ClassificationOvs",
                "mangledName": "$s13SwiftIDEUtils21SyntaxClassifiedRangeV4kindAA0C14ClassificationOvs",
                "moduleName": "SwiftIDEUtils",
                "implicit": true,
                "accessorKind": "set"
              },
              {
                "kind": "Accessor",
                "name": "Modify",
                "printedName": "Modify()",
                "children": [
                  {
                    "kind": "TypeNominal",
                    "name": "Void",
                    "printedName": "()"
                  }
                ],
                "declKind": "Accessor",
                "usr": "s:13SwiftIDEUtils21SyntaxClassifiedRangeV4kindAA0C14ClassificationOvM",
                "mangledName": "$s13SwiftIDEUtils21SyntaxClassifiedRangeV4kindAA0C14ClassificationOvM",
                "moduleName": "SwiftIDEUtils",
                "implicit": true,
                "accessorKind": "_modify"
              }
            ]
          },
          {
            "kind": "Var",
            "name": "range",
            "printedName": "range",
            "children": [
              {
                "kind": "TypeNominal",
                "name": "ByteSourceRange",
                "printedName": "SwiftSyntax.ByteSourceRange",
                "usr": "s:11SwiftSyntax15ByteSourceRangeV"
              }
            ],
            "declKind": "Var",
            "usr": "s:13SwiftIDEUtils21SyntaxClassifiedRangeV5range0aC0010ByteSourceE0Vvp",
            "mangledName": "$s13SwiftIDEUtils21SyntaxClassifiedRangeV5range0aC0010ByteSourceE0Vvp",
            "moduleName": "SwiftIDEUtils",
            "declAttributes": [
              "HasStorage",
              "AccessControl"
            ],
            "hasStorage": true,
            "accessors": [
              {
                "kind": "Accessor",
                "name": "Get",
                "printedName": "Get()",
                "children": [
                  {
                    "kind": "TypeNominal",
                    "name": "ByteSourceRange",
                    "printedName": "SwiftSyntax.ByteSourceRange",
                    "usr": "s:11SwiftSyntax15ByteSourceRangeV"
                  }
                ],
                "declKind": "Accessor",
                "usr": "s:13SwiftIDEUtils21SyntaxClassifiedRangeV5range0aC0010ByteSourceE0Vvg",
                "mangledName": "$s13SwiftIDEUtils21SyntaxClassifiedRangeV5range0aC0010ByteSourceE0Vvg",
                "moduleName": "SwiftIDEUtils",
                "implicit": true,
                "accessorKind": "get"
              },
              {
                "kind": "Accessor",
                "name": "Set",
                "printedName": "Set()",
                "children": [
                  {
                    "kind": "TypeNominal",
                    "name": "Void",
                    "printedName": "()"
                  },
                  {
                    "kind": "TypeNominal",
                    "name": "ByteSourceRange",
                    "printedName": "SwiftSyntax.ByteSourceRange",
                    "usr": "s:11SwiftSyntax15ByteSourceRangeV"
                  }
                ],
                "declKind": "Accessor",
                "usr": "s:13SwiftIDEUtils21SyntaxClassifiedRangeV5range0aC0010ByteSourceE0Vvs",
                "mangledName": "$s13SwiftIDEUtils21SyntaxClassifiedRangeV5range0aC0010ByteSourceE0Vvs",
                "moduleName": "SwiftIDEUtils",
                "implicit": true,
                "accessorKind": "set"
              },
              {
                "kind": "Accessor",
                "name": "Modify",
                "printedName": "Modify()",
                "children": [
                  {
                    "kind": "TypeNominal",
                    "name": "Void",
                    "printedName": "()"
                  }
                ],
                "declKind": "Accessor",
                "usr": "s:13SwiftIDEUtils21SyntaxClassifiedRangeV5range0aC0010ByteSourceE0VvM",
                "mangledName": "$s13SwiftIDEUtils21SyntaxClassifiedRangeV5range0aC0010ByteSourceE0VvM",
                "moduleName": "SwiftIDEUtils",
                "implicit": true,
                "accessorKind": "_modify"
              }
            ]
          },
          {
            "kind": "Var",
            "name": "offset",
            "printedName": "offset",
            "children": [
              {
                "kind": "TypeNominal",
                "name": "Int",
                "printedName": "Swift.Int",
                "usr": "s:Si"
              }
            ],
            "declKind": "Var",
            "usr": "s:13SwiftIDEUtils21SyntaxClassifiedRangeV6offsetSivp",
            "mangledName": "$s13SwiftIDEUtils21SyntaxClassifiedRangeV6offsetSivp",
            "moduleName": "SwiftIDEUtils",
            "declAttributes": [
              "AccessControl"
            ],
            "accessors": [
              {
                "kind": "Accessor",
                "name": "Get",
                "printedName": "Get()",
                "children": [
                  {
                    "kind": "TypeNominal",
                    "name": "Int",
                    "printedName": "Swift.Int",
                    "usr": "s:Si"
                  }
                ],
                "declKind": "Accessor",
                "usr": "s:13SwiftIDEUtils21SyntaxClassifiedRangeV6offsetSivg",
                "mangledName": "$s13SwiftIDEUtils21SyntaxClassifiedRangeV6offsetSivg",
                "moduleName": "SwiftIDEUtils",
                "accessorKind": "get"
              }
            ]
          },
          {
            "kind": "Var",
            "name": "length",
            "printedName": "length",
            "children": [
              {
                "kind": "TypeNominal",
                "name": "Int",
                "printedName": "Swift.Int",
                "usr": "s:Si"
              }
            ],
            "declKind": "Var",
            "usr": "s:13SwiftIDEUtils21SyntaxClassifiedRangeV6lengthSivp",
            "mangledName": "$s13SwiftIDEUtils21SyntaxClassifiedRangeV6lengthSivp",
            "moduleName": "SwiftIDEUtils",
            "declAttributes": [
              "AccessControl"
            ],
            "accessors": [
              {
                "kind": "Accessor",
                "name": "Get",
                "printedName": "Get()",
                "children": [
                  {
                    "kind": "TypeNominal",
                    "name": "Int",
                    "printedName": "Swift.Int",
                    "usr": "s:Si"
                  }
                ],
                "declKind": "Accessor",
                "usr": "s:13SwiftIDEUtils21SyntaxClassifiedRangeV6lengthSivg",
                "mangledName": "$s13SwiftIDEUtils21SyntaxClassifiedRangeV6lengthSivg",
                "moduleName": "SwiftIDEUtils",
                "accessorKind": "get"
              }
            ]
          },
          {
            "kind": "Var",
            "name": "endOffset",
            "printedName": "endOffset",
            "children": [
              {
                "kind": "TypeNominal",
                "name": "Int",
                "printedName": "Swift.Int",
                "usr": "s:Si"
              }
            ],
            "declKind": "Var",
            "usr": "s:13SwiftIDEUtils21SyntaxClassifiedRangeV9endOffsetSivp",
            "mangledName": "$s13SwiftIDEUtils21SyntaxClassifiedRangeV9endOffsetSivp",
            "moduleName": "SwiftIDEUtils",
            "declAttributes": [
              "AccessControl"
            ],
            "accessors": [
              {
                "kind": "Accessor",
                "name": "Get",
                "printedName": "Get()",
                "children": [
                  {
                    "kind": "TypeNominal",
                    "name": "Int",
                    "printedName": "Swift.Int",
                    "usr": "s:Si"
                  }
                ],
                "declKind": "Accessor",
                "usr": "s:13SwiftIDEUtils21SyntaxClassifiedRangeV9endOffsetSivg",
                "mangledName": "$s13SwiftIDEUtils21SyntaxClassifiedRangeV9endOffsetSivg",
                "moduleName": "SwiftIDEUtils",
                "accessorKind": "get"
              }
            ]
          },
          {
            "kind": "Function",
            "name": "==",
            "printedName": "==(_:_:)",
            "children": [
              {
                "kind": "TypeNominal",
                "name": "Bool",
                "printedName": "Swift.Bool",
                "usr": "s:Sb"
              },
              {
                "kind": "TypeNominal",
                "name": "SyntaxClassifiedRange",
                "printedName": "SwiftIDEUtils.SyntaxClassifiedRange",
                "usr": "s:13SwiftIDEUtils21SyntaxClassifiedRangeV"
              },
              {
                "kind": "TypeNominal",
                "name": "SyntaxClassifiedRange",
                "printedName": "SwiftIDEUtils.SyntaxClassifiedRange",
                "usr": "s:13SwiftIDEUtils21SyntaxClassifiedRangeV"
              }
            ],
            "declKind": "Func",
            "usr": "s:13SwiftIDEUtils21SyntaxClassifiedRangeV2eeoiySbAC_ACtFZ",
            "mangledName": "$s13SwiftIDEUtils21SyntaxClassifiedRangeV2eeoiySbAC_ACtFZ",
            "moduleName": "SwiftIDEUtils",
            "static": true,
            "implicit": true,
            "funcSelfKind": "NonMutating"
          }
        ],
        "declKind": "Struct",
        "usr": "s:13SwiftIDEUtils21SyntaxClassifiedRangeV",
        "mangledName": "$s13SwiftIDEUtils21SyntaxClassifiedRangeV",
        "moduleName": "SwiftIDEUtils",
        "declAttributes": [
          "AccessControl",
          "RawDocComment"
        ],
        "conformances": [
          {
            "kind": "Conformance",
            "name": "Equatable",
            "printedName": "Equatable",
            "usr": "s:SQ",
            "mangledName": "$sSQ"
          }
        ]
      },
      {
        "kind": "TypeDecl",
        "name": "SyntaxClassifications",
        "printedName": "SyntaxClassifications",
        "children": [
          {
            "kind": "Constructor",
            "name": "init",
            "printedName": "init(_:in:)",
            "children": [
              {
                "kind": "TypeNominal",
                "name": "SyntaxClassifications",
                "printedName": "SwiftIDEUtils.SyntaxClassifications",
                "usr": "s:13SwiftIDEUtils21SyntaxClassificationsV"
              },
              {
                "kind": "TypeNominal",
                "name": "Syntax",
                "printedName": "SwiftSyntax.Syntax",
                "usr": "s:11SwiftSyntax0B0V"
              },
              {
                "kind": "TypeNominal",
                "name": "ByteSourceRange",
                "printedName": "SwiftSyntax.ByteSourceRange",
                "usr": "s:11SwiftSyntax15ByteSourceRangeV"
              }
            ],
            "declKind": "Constructor",
            "usr": "s:13SwiftIDEUtils21SyntaxClassificationsV_2inAC0aC00C0V_AE15ByteSourceRangeVtcfc",
            "mangledName": "$s13SwiftIDEUtils21SyntaxClassificationsV_2inAC0aC00C0V_AE15ByteSourceRangeVtcfc",
            "moduleName": "SwiftIDEUtils",
            "declAttributes": [
              "AccessControl"
            ],
            "init_kind": "Designated"
          },
          {
            "kind": "Function",
            "name": "makeIterator",
            "printedName": "makeIterator()",
            "children": [
              {
                "kind": "TypeNominal",
                "name": "IndexingIterator",
                "printedName": "Swift.IndexingIterator<[SwiftIDEUtils.SyntaxClassifiedRange]>",
                "children": [
                  {
                    "kind": "TypeNominal",
                    "name": "Array",
                    "printedName": "[SwiftIDEUtils.SyntaxClassifiedRange]",
                    "children": [
                      {
                        "kind": "TypeNominal",
                        "name": "SyntaxClassifiedRange",
                        "printedName": "SwiftIDEUtils.SyntaxClassifiedRange",
                        "usr": "s:13SwiftIDEUtils21SyntaxClassifiedRangeV"
                      }
                    ],
                    "usr": "s:Sa"
                  }
                ],
                "usr": "s:s16IndexingIteratorV"
              }
            ],
            "declKind": "Func",
            "usr": "s:13SwiftIDEUtils21SyntaxClassificationsV12makeIterators08IndexingF0VySayAA0C15ClassifiedRangeVGGyF",
            "mangledName": "$s13SwiftIDEUtils21SyntaxClassificationsV12makeIterators08IndexingF0VySayAA0C15ClassifiedRangeVGGyF",
            "moduleName": "SwiftIDEUtils",
            "declAttributes": [
              "AccessControl"
            ],
            "funcSelfKind": "NonMutating"
          }
        ],
        "declKind": "Struct",
        "usr": "s:13SwiftIDEUtils21SyntaxClassificationsV",
        "mangledName": "$s13SwiftIDEUtils21SyntaxClassificationsV",
        "moduleName": "SwiftIDEUtils",
        "declAttributes": [
          "AccessControl",
          "RawDocComment"
        ],
        "conformances": [
          {
            "kind": "Conformance",
            "name": "Sequence",
            "printedName": "Sequence",
            "children": [
              {
                "kind": "TypeWitness",
                "name": "Element",
                "printedName": "Element",
                "children": [
                  {
                    "kind": "TypeNominal",
                    "name": "SyntaxClassifiedRange",
                    "printedName": "SwiftIDEUtils.SyntaxClassifiedRange",
                    "usr": "s:13SwiftIDEUtils21SyntaxClassifiedRangeV"
                  }
                ]
              },
              {
                "kind": "TypeWitness",
                "name": "Iterator",
                "printedName": "Iterator",
                "children": [
                  {
                    "kind": "TypeNominal",
                    "name": "IndexingIterator",
                    "printedName": "Swift.IndexingIterator<[SwiftIDEUtils.SyntaxClassifiedRange]>",
                    "children": [
                      {
                        "kind": "TypeNominal",
                        "name": "Array",
                        "printedName": "[SwiftIDEUtils.SyntaxClassifiedRange]",
                        "children": [
                          {
                            "kind": "TypeNominal",
                            "name": "SyntaxClassifiedRange",
                            "printedName": "SwiftIDEUtils.SyntaxClassifiedRange",
                            "usr": "s:13SwiftIDEUtils21SyntaxClassifiedRangeV"
                          }
                        ],
                        "usr": "s:Sa"
                      }
                    ],
                    "usr": "s:s16IndexingIteratorV"
                  }
                ]
              }
            ],
            "usr": "s:ST",
            "mangledName": "$sST"
          }
        ]
      },
      {
        "kind": "TypeDecl",
        "name": "SyntaxProtocol",
        "printedName": "SyntaxProtocol",
        "children": [
          {
            "kind": "Var",
            "name": "classifications",
            "printedName": "classifications",
            "children": [
              {
                "kind": "TypeNominal",
                "name": "SyntaxClassifications",
                "printedName": "SwiftIDEUtils.SyntaxClassifications",
                "usr": "s:13SwiftIDEUtils21SyntaxClassificationsV"
              }
            ],
            "declKind": "Var",
            "usr": "s:11SwiftSyntax0B8ProtocolP0A8IDEUtilsE15classificationsAD0B15ClassificationsVvp",
            "mangledName": "$s11SwiftSyntax0B8ProtocolP0A8IDEUtilsE15classificationsAD0B15ClassificationsVvp",
            "moduleName": "SwiftIDEUtils",
            "declAttributes": [
              "RawDocComment"
            ],
            "isFromExtension": true,
            "accessors": [
              {
                "kind": "Accessor",
                "name": "Get",
                "printedName": "Get()",
                "children": [
                  {
                    "kind": "TypeNominal",
                    "name": "SyntaxClassifications",
                    "printedName": "SwiftIDEUtils.SyntaxClassifications",
                    "usr": "s:13SwiftIDEUtils21SyntaxClassificationsV"
                  }
                ],
                "declKind": "Accessor",
                "usr": "s:11SwiftSyntax0B8ProtocolP0A8IDEUtilsE15classificationsAD0B15ClassificationsVvg",
                "mangledName": "$s11SwiftSyntax0B8ProtocolP0A8IDEUtilsE15classificationsAD0B15ClassificationsVvg",
                "moduleName": "SwiftIDEUtils",
                "genericSig": "<τ_0_0 where τ_0_0 : SwiftSyntax.SyntaxProtocol>",
                "sugared_genericSig": "<Self where Self : SwiftSyntax.SyntaxProtocol>",
                "isFromExtension": true,
                "accessorKind": "get"
              }
            ]
          },
          {
            "kind": "Function",
            "name": "classifications",
            "printedName": "classifications(in:)",
            "children": [
              {
                "kind": "TypeNominal",
                "name": "SyntaxClassifications",
                "printedName": "SwiftIDEUtils.SyntaxClassifications",
                "usr": "s:13SwiftIDEUtils21SyntaxClassificationsV"
              },
              {
                "kind": "TypeNominal",
                "name": "ByteSourceRange",
                "printedName": "SwiftSyntax.ByteSourceRange",
                "usr": "s:11SwiftSyntax15ByteSourceRangeV"
              }
            ],
            "declKind": "Func",
            "usr": "s:11SwiftSyntax0B8ProtocolP0A8IDEUtilsE15classifications2inAD0B15ClassificationsVAA15ByteSourceRangeV_tF",
            "mangledName": "$s11SwiftSyntax0B8ProtocolP0A8IDEUtilsE15classifications2inAD0B15ClassificationsVAA15ByteSourceRangeV_tF",
            "moduleName": "SwiftIDEUtils",
            "genericSig": "<τ_0_0 where τ_0_0 : SwiftSyntax.SyntaxProtocol>",
            "sugared_genericSig": "<Self where Self : SwiftSyntax.SyntaxProtocol>",
            "declAttributes": [
              "RawDocComment"
            ],
            "isFromExtension": true,
            "funcSelfKind": "NonMutating"
          },
          {
            "kind": "Function",
            "name": "classification",
            "printedName": "classification(at:)",
            "children": [
              {
                "kind": "TypeNominal",
                "name": "Optional",
                "printedName": "SwiftIDEUtils.SyntaxClassifiedRange?",
                "children": [
                  {
                    "kind": "TypeNominal",
                    "name": "SyntaxClassifiedRange",
                    "printedName": "SwiftIDEUtils.SyntaxClassifiedRange",
                    "usr": "s:13SwiftIDEUtils21SyntaxClassifiedRangeV"
                  }
                ],
                "usr": "s:Sq"
              },
              {
                "kind": "TypeNominal",
                "name": "Int",
                "printedName": "Swift.Int",
                "usr": "s:Si"
              }
            ],
            "declKind": "Func",
            "usr": "s:11SwiftSyntax0B8ProtocolP0A8IDEUtilsE14classification2atAD0B15ClassifiedRangeVSgSi_tF",
            "mangledName": "$s11SwiftSyntax0B8ProtocolP0A8IDEUtilsE14classification2atAD0B15ClassifiedRangeVSgSi_tF",
            "moduleName": "SwiftIDEUtils",
            "genericSig": "<τ_0_0 where τ_0_0 : SwiftSyntax.SyntaxProtocol>",
            "sugared_genericSig": "<Self where Self : SwiftSyntax.SyntaxProtocol>",
            "declAttributes": [
              "RawDocComment"
            ],
            "isFromExtension": true,
            "funcSelfKind": "NonMutating"
          },
          {
            "kind": "Function",
            "name": "classification",
            "printedName": "classification(at:)",
            "children": [
              {
                "kind": "TypeNominal",
                "name": "Optional",
                "printedName": "SwiftIDEUtils.SyntaxClassifiedRange?",
                "children": [
                  {
                    "kind": "TypeNominal",
                    "name": "SyntaxClassifiedRange",
                    "printedName": "SwiftIDEUtils.SyntaxClassifiedRange",
                    "usr": "s:13SwiftIDEUtils21SyntaxClassifiedRangeV"
                  }
                ],
                "usr": "s:Sq"
              },
              {
                "kind": "TypeNominal",
                "name": "AbsolutePosition",
                "printedName": "SwiftSyntax.AbsolutePosition",
                "usr": "s:11SwiftSyntax16AbsolutePositionV"
              }
            ],
            "declKind": "Func",
            "usr": "s:11SwiftSyntax0B8ProtocolP0A8IDEUtilsE14classification2atAD0B15ClassifiedRangeVSgAA16AbsolutePositionV_tF",
            "mangledName": "$s11SwiftSyntax0B8ProtocolP0A8IDEUtilsE14classification2atAD0B15ClassifiedRangeVSgAA16AbsolutePositionV_tF",
            "moduleName": "SwiftIDEUtils",
            "genericSig": "<τ_0_0 where τ_0_0 : SwiftSyntax.SyntaxProtocol>",
            "sugared_genericSig": "<Self where Self : SwiftSyntax.SyntaxProtocol>",
            "declAttributes": [
              "RawDocComment"
            ],
            "isFromExtension": true,
            "funcSelfKind": "NonMutating"
          }
        ],
        "declKind": "Protocol",
        "usr": "s:11SwiftSyntax0B8ProtocolP",
        "mangledName": "$s11SwiftSyntax0B8ProtocolP",
        "moduleName": "SwiftSyntax",
        "genericSig": "<τ_0_0 : Swift.CustomDebugStringConvertible, τ_0_0 : Swift.CustomReflectable, τ_0_0 : Swift.CustomStringConvertible, τ_0_0 : Swift.TextOutputStreamable>",
        "sugared_genericSig": "<Self : Swift.CustomDebugStringConvertible, Self : Swift.CustomReflectable, Self : Swift.CustomStringConvertible, Self : Swift.TextOutputStreamable>",
        "isExternal": true,
        "conformances": [
          {
            "kind": "Conformance",
            "name": "CustomReflectable",
            "printedName": "CustomReflectable",
            "usr": "s:s17CustomReflectableP",
            "mangledName": "$ss17CustomReflectableP"
          },
          {
            "kind": "Conformance",
            "name": "TextOutputStreamable",
            "printedName": "TextOutputStreamable",
            "usr": "s:s20TextOutputStreamableP",
            "mangledName": "$ss20TextOutputStreamableP"
          },
          {
            "kind": "Conformance",
            "name": "CustomDebugStringConvertible",
            "printedName": "CustomDebugStringConvertible",
            "usr": "s:s28CustomDebugStringConvertibleP",
            "mangledName": "$ss28CustomDebugStringConvertibleP"
          },
          {
            "kind": "Conformance",
            "name": "CustomStringConvertible",
            "printedName": "CustomStringConvertible",
            "usr": "s:s23CustomStringConvertibleP",
            "mangledName": "$ss23CustomStringConvertibleP"
          }
        ]
      },
      {
        "kind": "TypeDecl",
        "name": "TokenSyntax",
        "printedName": "TokenSyntax",
        "children": [
          {
            "kind": "Var",
            "name": "tokenClassification",
            "printedName": "tokenClassification",
            "children": [
              {
                "kind": "TypeNominal",
                "name": "SyntaxClassifiedRange",
                "printedName": "SwiftIDEUtils.SyntaxClassifiedRange",
                "usr": "s:13SwiftIDEUtils21SyntaxClassifiedRangeV"
              }
            ],
            "declKind": "Var",
            "usr": "s:11SwiftSyntax05TokenB0V0A8IDEUtilsE19tokenClassificationAD0B15ClassifiedRangeVvp",
            "mangledName": "$s11SwiftSyntax05TokenB0V0A8IDEUtilsE19tokenClassificationAD0B15ClassifiedRangeVvp",
            "moduleName": "SwiftIDEUtils",
            "declAttributes": [
              "AccessControl",
              "RawDocComment"
            ],
            "isFromExtension": true,
            "accessors": [
              {
                "kind": "Accessor",
                "name": "Get",
                "printedName": "Get()",
                "children": [
                  {
                    "kind": "TypeNominal",
                    "name": "SyntaxClassifiedRange",
                    "printedName": "SwiftIDEUtils.SyntaxClassifiedRange",
                    "usr": "s:13SwiftIDEUtils21SyntaxClassifiedRangeV"
                  }
                ],
                "declKind": "Accessor",
                "usr": "s:11SwiftSyntax05TokenB0V0A8IDEUtilsE19tokenClassificationAD0B15ClassifiedRangeVvg",
                "mangledName": "$s11SwiftSyntax05TokenB0V0A8IDEUtilsE19tokenClassificationAD0B15ClassifiedRangeVvg",
                "moduleName": "SwiftIDEUtils",
                "isFromExtension": true,
                "accessorKind": "get"
              }
            ]
          }
        ],
        "declKind": "Struct",
        "usr": "s:11SwiftSyntax05TokenB0V",
        "mangledName": "$s11SwiftSyntax05TokenB0V",
        "moduleName": "SwiftSyntax",
        "isExternal": true,
        "conformances": [
          {
            "kind": "Conformance",
            "name": "SyntaxProtocol",
            "printedName": "SyntaxProtocol",
            "usr": "s:11SwiftSyntax0B8ProtocolP",
            "mangledName": "$s11SwiftSyntax0B8ProtocolP"
          },
          {
            "kind": "Conformance",
            "name": "SyntaxHashable",
            "printedName": "SyntaxHashable",
            "usr": "s:11SwiftSyntax0B8HashableP",
            "mangledName": "$s11SwiftSyntax0B8HashableP"
          },
          {
            "kind": "Conformance",
            "name": "CustomStringConvertible",
            "printedName": "CustomStringConvertible",
            "usr": "s:s23CustomStringConvertibleP",
            "mangledName": "$ss23CustomStringConvertibleP"
          },
          {
            "kind": "Conformance",
            "name": "CustomDebugStringConvertible",
            "printedName": "CustomDebugStringConvertible",
            "usr": "s:s28CustomDebugStringConvertibleP",
            "mangledName": "$ss28CustomDebugStringConvertibleP"
          },
          {
            "kind": "Conformance",
            "name": "TextOutputStreamable",
            "printedName": "TextOutputStreamable",
            "usr": "s:s20TextOutputStreamableP",
            "mangledName": "$ss20TextOutputStreamableP"
          },
          {
            "kind": "Conformance",
            "name": "Hashable",
            "printedName": "Hashable",
            "usr": "s:SH",
            "mangledName": "$sSH"
          },
          {
            "kind": "Conformance",
            "name": "Equatable",
            "printedName": "Equatable",
            "usr": "s:SQ",
            "mangledName": "$sSQ"
          },
          {
            "kind": "Conformance",
            "name": "CustomReflectable",
            "printedName": "CustomReflectable",
            "usr": "s:s17CustomReflectableP",
            "mangledName": "$ss17CustomReflectableP"
          }
        ]
      }
    ],
    "json_format_version": 8
  },
  "ConstValues": [
    {
      "filePath": "\/Users\/johnholdsworth\/Developer\/swift-syntax\/Sources\/SwiftIDEUtils\/Syntax+Classifications.swift",
      "kind": "IntegerLiteral",
      "offset": 1022,
      "length": 1,
      "value": "0"
    },
    {
      "filePath": "\/Users\/johnholdsworth\/Developer\/swift-syntax\/Sources\/SwiftIDEUtils\/Syntax+Classifications.swift",
      "kind": "IntegerLiteral",
      "offset": 2442,
      "length": 1,
      "value": "1"
    },
    {
      "filePath": "\/Users\/johnholdsworth\/Developer\/swift-syntax\/Sources\/SwiftIDEUtils\/SyntaxClassification.swift",
      "kind": "BooleanLiteral",
      "offset": 2333,
      "length": 4,
      "value": "true"
    },
    {
      "filePath": "\/Users\/johnholdsworth\/Developer\/swift-syntax\/Sources\/SwiftIDEUtils\/SyntaxClassification.swift",
      "kind": "BooleanLiteral",
      "offset": 2416,
      "length": 5,
      "value": "false"
    },
    {
      "filePath": "\/Users\/johnholdsworth\/Developer\/swift-syntax\/Sources\/SwiftIDEUtils\/SyntaxClassification.swift",
      "kind": "BooleanLiteral",
      "offset": 2504,
      "length": 5,
      "value": "false"
    },
    {
      "filePath": "\/Users\/johnholdsworth\/Developer\/swift-syntax\/Sources\/SwiftIDEUtils\/SyntaxClassification.swift",
      "kind": "BooleanLiteral",
      "offset": 2572,
      "length": 5,
      "value": "false"
    },
    {
      "filePath": "\/Users\/johnholdsworth\/Developer\/swift-syntax\/Sources\/SwiftIDEUtils\/SyntaxClassification.swift",
      "kind": "BooleanLiteral",
      "offset": 2658,
      "length": 5,
      "value": "false"
    },
    {
      "filePath": "\/Users\/johnholdsworth\/Developer\/swift-syntax\/Sources\/SwiftIDEUtils\/SyntaxClassification.swift",
      "kind": "BooleanLiteral",
      "offset": 2741,
      "length": 5,
      "value": "false"
    },
    {
      "filePath": "\/Users\/johnholdsworth\/Developer\/swift-syntax\/Sources\/SwiftIDEUtils\/SyntaxClassification.swift",
      "kind": "BooleanLiteral",
      "offset": 2823,
      "length": 5,
      "value": "false"
    },
    {
      "filePath": "\/Users\/johnholdsworth\/Developer\/swift-syntax\/Sources\/SwiftIDEUtils\/SyntaxClassification.swift",
      "kind": "BooleanLiteral",
      "offset": 2894,
      "length": 5,
      "value": "false"
    },
    {
      "filePath": "\/Users\/johnholdsworth\/Developer\/swift-syntax\/Sources\/SwiftIDEUtils\/SyntaxClassification.swift",
      "kind": "BooleanLiteral",
      "offset": 2961,
      "length": 5,
      "value": "false"
    },
    {
      "filePath": "\/Users\/johnholdsworth\/Developer\/swift-syntax\/Sources\/SwiftIDEUtils\/SyntaxClassification.swift",
      "kind": "BooleanLiteral",
      "offset": 3057,
      "length": 5,
      "value": "false"
    },
    {
      "filePath": "\/Users\/johnholdsworth\/Developer\/swift-syntax\/Sources\/SwiftIDEUtils\/SyntaxClassification.swift",
      "kind": "BooleanLiteral",
      "offset": 3156,
      "length": 5,
      "value": "false"
    },
    {
      "filePath": "\/Users\/johnholdsworth\/Developer\/swift-syntax\/Sources\/SwiftIDEUtils\/SyntaxClassification.swift",
      "kind": "BooleanLiteral",
      "offset": 3227,
      "length": 5,
      "value": "false"
    },
    {
      "filePath": "\/Users\/johnholdsworth\/Developer\/swift-syntax\/Sources\/SwiftIDEUtils\/SyntaxClassifier.swift",
      "kind": "StringLiteral",
      "offset": 2758,
      "length": 4,
      "value": "\"\"\""
    },
    {
      "filePath": "\/Users\/johnholdsworth\/Developer\/swift-syntax\/Sources\/SwiftIDEUtils\/SyntaxClassifier.swift",
      "kind": "StringLiteral",
      "offset": 2849,
      "length": 4,
      "value": "\"<#\""
    },
    {
      "filePath": "\/Users\/johnholdsworth\/Developer\/swift-syntax\/Sources\/SwiftIDEUtils\/SyntaxClassifier.swift",
      "kind": "StringLiteral",
      "offset": 2877,
      "length": 4,
      "value": "\"#>\""
    },
    {
      "filePath": "\/Users\/johnholdsworth\/Developer\/swift-syntax\/Sources\/SwiftIDEUtils\/SyntaxClassifier.swift",
      "kind": "Array",
      "offset": 4215,
      "length": 2,
      "value": "[]"
    },
    {
      "filePath": "\/Users\/johnholdsworth\/Developer\/swift-syntax\/Sources\/SwiftIDEUtils\/SyntaxClassifier.swift",
      "kind": "IntegerLiteral",
      "offset": 4675,
      "length": 1,
      "value": "0"
    },
    {
      "filePath": "\/Users\/johnholdsworth\/Developer\/swift-syntax\/Sources\/SwiftIDEUtils\/SyntaxClassifier.swift",
      "kind": "IntegerLiteral",
      "offset": 4920,
      "length": 1,
      "value": "1"
    },
    {
      "filePath": "\/Users\/johnholdsworth\/Developer\/swift-syntax\/Sources\/SwiftIDEUtils\/SyntaxClassifier.swift",
      "kind": "IntegerLiteral",
      "offset": 5446,
      "length": 1,
      "value": "0"
    }
  ]
}