{
  "ABIRoot": {
    "kind": "Root",
    "name": "TopLevel",
    "printedName": "TopLevel",
    "children": [
      {
        "kind": "Import",
        "name": "Foundation",
        "printedName": "Foundation",
        "declKind": "Import",
        "moduleName": "_SwiftSyntaxTestSupport"
      },
      {
        "kind": "Import",
        "name": "XCTest",
        "printedName": "XCTest",
        "declKind": "Import",
        "moduleName": "_SwiftSyntaxTestSupport"
      },
      {
        "kind": "Import",
        "name": "_SwiftSyntaxGenericTestSupport",
        "printedName": "_SwiftSyntaxGenericTestSupport",
        "declKind": "Import",
        "moduleName": "_SwiftSyntaxTestSupport"
      },
      {
        "kind": "Function",
        "name": "assertStringsEqualWithDiff",
        "printedName": "assertStringsEqualWithDiff(_:_:_:additionalInfo:file:line:)",
        "children": [
          {
            "kind": "TypeNominal",
            "name": "Void",
            "printedName": "()"
          },
          {
            "kind": "TypeNominal",
            "name": "String",
            "printedName": "Swift.String",
            "usr": "s:SS"
          },
          {
            "kind": "TypeNominal",
            "name": "String",
            "printedName": "Swift.String",
            "usr": "s:SS"
          },
          {
            "kind": "TypeNominal",
            "name": "String",
            "printedName": "Swift.String",
            "hasDefaultArg": true,
            "usr": "s:SS"
          },
          {
            "kind": "TypeFunc",
            "name": "Function",
            "printedName": "() -> Swift.String?",
            "children": [
              {
                "kind": "TypeNominal",
                "name": "Optional",
                "printedName": "Swift.String?",
                "children": [
                  {
                    "kind": "TypeNominal",
                    "name": "String",
                    "printedName": "Swift.String",
                    "usr": "s:SS"
                  }
                ],
                "usr": "s:Sq"
              },
              {
                "kind": "TypeNominal",
                "name": "Void",
                "printedName": "()"
              }
            ],
            "typeAttributes": [
              "noescape"
            ],
            "hasDefaultArg": true
          },
          {
            "kind": "TypeNominal",
            "name": "StaticString",
            "printedName": "Swift.StaticString",
            "hasDefaultArg": true,
            "usr": "s:s12StaticStringV"
          },
          {
            "kind": "TypeNominal",
            "name": "UInt",
            "printedName": "Swift.UInt",
            "hasDefaultArg": true,
            "usr": "s:Su"
          }
        ],
        "declKind": "Func",
        "usr": "s:23_SwiftSyntaxTestSupport26assertStringsEqualWithDiff___14additionalInfo4file4lineySS_S3SSgyXKs12StaticStringVSutF",
        "mangledName": "$s23_SwiftSyntaxTestSupport26assertStringsEqualWithDiff___14additionalInfo4file4lineySS_S3SSgyXKs12StaticStringVSutF",
        "moduleName": "_SwiftSyntaxTestSupport",
        "declAttributes": [
          "AccessControl",
          "RawDocComment"
        ],
        "funcSelfKind": "NonMutating"
      },
      {
        "kind": "Function",
        "name": "assertDataEqualWithDiff",
        "printedName": "assertDataEqualWithDiff(_:_:_:additionalInfo:file:line:)",
        "children": [
          {
            "kind": "TypeNominal",
            "name": "Void",
            "printedName": "()"
          },
          {
            "kind": "TypeNominal",
            "name": "Data",
            "printedName": "Foundation.Data",
            "usr": "s:10Foundation4DataV"
          },
          {
            "kind": "TypeNominal",
            "name": "Data",
            "printedName": "Foundation.Data",
            "usr": "s:10Foundation4DataV"
          },
          {
            "kind": "TypeNominal",
            "name": "String",
            "printedName": "Swift.String",
            "hasDefaultArg": true,
            "usr": "s:SS"
          },
          {
            "kind": "TypeFunc",
            "name": "Function",
            "printedName": "() -> Swift.String?",
            "children": [
              {
                "kind": "TypeNominal",
                "name": "Optional",
                "printedName": "Swift.String?",
                "children": [
                  {
                    "kind": "TypeNominal",
                    "name": "String",
                    "printedName": "Swift.String",
                    "usr": "s:SS"
                  }
                ],
                "usr": "s:Sq"
              },
              {
                "kind": "TypeNominal",
                "name": "Void",
                "printedName": "()"
              }
            ],
            "typeAttributes": [
              "noescape"
            ],
            "hasDefaultArg": true
          },
          {
            "kind": "TypeNominal",
            "name": "StaticString",
            "printedName": "Swift.StaticString",
            "hasDefaultArg": true,
            "usr": "s:s12StaticStringV"
          },
          {
            "kind": "TypeNominal",
            "name": "UInt",
            "printedName": "Swift.UInt",
            "hasDefaultArg": true,
            "usr": "s:Su"
          }
        ],
        "declKind": "Func",
        "usr": "s:23_SwiftSyntaxTestSupport23assertDataEqualWithDiff___14additionalInfo4file4liney10Foundation0F0V_AHS2SSgyXKs12StaticStringVSutF",
        "mangledName": "$s23_SwiftSyntaxTestSupport23assertDataEqualWithDiff___14additionalInfo4file4liney10Foundation0F0V_AHS2SSgyXKs12StaticStringVSutF",
        "moduleName": "_SwiftSyntaxTestSupport",
        "declAttributes": [
          "AccessControl",
          "RawDocComment"
        ],
        "funcSelfKind": "NonMutating"
      },
      {
        "kind": "Function",
        "name": "XCTFail",
        "printedName": "XCTFail(_:file:line:)",
        "children": [
          {
            "kind": "TypeNominal",
            "name": "Void",
            "printedName": "()"
          },
          {
            "kind": "TypeNominal",
            "name": "String",
            "printedName": "Swift.String",
            "usr": "s:SS"
          },
          {
            "kind": "TypeNominal",
            "name": "StaticString",
            "printedName": "Swift.StaticString",
            "hasDefaultArg": true,
            "usr": "s:s12StaticStringV"
          },
          {
            "kind": "TypeNominal",
            "name": "UInt",
            "printedName": "Swift.UInt",
            "hasDefaultArg": true,
            "usr": "s:Su"
          }
        ],
        "declKind": "Func",
        "usr": "s:23_SwiftSyntaxTestSupport7XCTFail_4file4lineySS_s12StaticStringVSutF",
        "mangledName": "$s23_SwiftSyntaxTestSupport7XCTFail_4file4lineySS_s12StaticStringVSutF",
        "moduleName": "_SwiftSyntaxTestSupport",
        "funcSelfKind": "NonMutating"
      },
      {
        "kind": "Function",
        "name": "XCTAssertTrue",
        "printedName": "XCTAssertTrue(_:file:line:)",
        "children": [
          {
            "kind": "TypeNominal",
            "name": "Void",
            "printedName": "()"
          },
          {
            "kind": "TypeNominal",
            "name": "Bool",
            "printedName": "Swift.Bool",
            "usr": "s:Sb"
          },
          {
            "kind": "TypeNominal",
            "name": "StaticString",
            "printedName": "Swift.StaticString",
            "hasDefaultArg": true,
            "usr": "s:s12StaticStringV"
          },
          {
            "kind": "TypeNominal",
            "name": "UInt",
            "printedName": "Swift.UInt",
            "hasDefaultArg": true,
            "usr": "s:Su"
          }
        ],
        "declKind": "Func",
        "usr": "s:23_SwiftSyntaxTestSupport13XCTAssertTrue_4file4lineySb_s12StaticStringVSutF",
        "mangledName": "$s23_SwiftSyntaxTestSupport13XCTAssertTrue_4file4lineySb_s12StaticStringVSutF",
        "moduleName": "_SwiftSyntaxTestSupport",
        "funcSelfKind": "NonMutating"
      },
      {
        "kind": "Function",
        "name": "XCTAssert",
        "printedName": "XCTAssert(_:_:file:line:)",
        "children": [
          {
            "kind": "TypeNominal",
            "name": "Void",
            "printedName": "()"
          },
          {
            "kind": "TypeNominal",
            "name": "Bool",
            "printedName": "Swift.Bool",
            "usr": "s:Sb"
          },
          {
            "kind": "TypeNominal",
            "name": "String",
            "printedName": "Swift.String",
            "hasDefaultArg": true,
            "usr": "s:SS"
          },
          {
            "kind": "TypeNominal",
            "name": "StaticString",
            "printedName": "Swift.StaticString",
            "hasDefaultArg": true,
            "usr": "s:s12StaticStringV"
          },
          {
            "kind": "TypeNominal",
            "name": "UInt",
            "printedName": "Swift.UInt",
            "hasDefaultArg": true,
            "usr": "s:Su"
          }
        ],
        "declKind": "Func",
        "usr": "s:23_SwiftSyntaxTestSupport9XCTAssert__4file4lineySb_SSs12StaticStringVSutF",
        "mangledName": "$s23_SwiftSyntaxTestSupport9XCTAssert__4file4lineySb_SSs12StaticStringVSutF",
        "moduleName": "_SwiftSyntaxTestSupport",
        "funcSelfKind": "NonMutating"
      },
      {
        "kind": "Function",
        "name": "XCTAssertNil",
        "printedName": "XCTAssertNil(_:file:line:)",
        "children": [
          {
            "kind": "TypeNominal",
            "name": "Void",
            "printedName": "()"
          },
          {
            "kind": "TypeNominal",
            "name": "Optional",
            "printedName": "τ_0_0?",
            "children": [
              {
                "kind": "TypeNominal",
                "name": "GenericTypeParam",
                "printedName": "τ_0_0"
              }
            ],
            "usr": "s:Sq"
          },
          {
            "kind": "TypeNominal",
            "name": "StaticString",
            "printedName": "Swift.StaticString",
            "hasDefaultArg": true,
            "usr": "s:s12StaticStringV"
          },
          {
            "kind": "TypeNominal",
            "name": "UInt",
            "printedName": "Swift.UInt",
            "hasDefaultArg": true,
            "usr": "s:Su"
          }
        ],
        "declKind": "Func",
        "usr": "s:23_SwiftSyntaxTestSupport12XCTAssertNil_4file4lineyxSg_s12StaticStringVSutlF",
        "mangledName": "$s23_SwiftSyntaxTestSupport12XCTAssertNil_4file4lineyxSg_s12StaticStringVSutlF",
        "moduleName": "_SwiftSyntaxTestSupport",
        "genericSig": "<τ_0_0>",
        "sugared_genericSig": "<G>",
        "funcSelfKind": "NonMutating"
      },
      {
        "kind": "Function",
        "name": "XCTUnwrap",
        "printedName": "XCTUnwrap(_:file:line:)",
        "children": [
          {
            "kind": "TypeNominal",
            "name": "GenericTypeParam",
            "printedName": "τ_0_0"
          },
          {
            "kind": "TypeNominal",
            "name": "Optional",
            "printedName": "τ_0_0?",
            "children": [
              {
                "kind": "TypeNominal",
                "name": "GenericTypeParam",
                "printedName": "τ_0_0"
              }
            ],
            "usr": "s:Sq"
          },
          {
            "kind": "TypeNominal",
            "name": "StaticString",
            "printedName": "Swift.StaticString",
            "hasDefaultArg": true,
            "usr": "s:s12StaticStringV"
          },
          {
            "kind": "TypeNominal",
            "name": "UInt",
            "printedName": "Swift.UInt",
            "hasDefaultArg": true,
            "usr": "s:Su"
          }
        ],
        "declKind": "Func",
        "usr": "s:23_SwiftSyntaxTestSupport9XCTUnwrap_4file4linexxSg_s12StaticStringVSutlF",
        "mangledName": "$s23_SwiftSyntaxTestSupport9XCTUnwrap_4file4linexxSg_s12StaticStringVSutlF",
        "moduleName": "_SwiftSyntaxTestSupport",
        "genericSig": "<τ_0_0>",
        "sugared_genericSig": "<G>",
        "funcSelfKind": "NonMutating"
      },
      {
        "kind": "Function",
        "name": "XCTAssertEqual",
        "printedName": "XCTAssertEqual(_:_:_:file:line:)",
        "children": [
          {
            "kind": "TypeNominal",
            "name": "Void",
            "printedName": "()"
          },
          {
            "kind": "TypeNominal",
            "name": "GenericTypeParam",
            "printedName": "τ_0_0"
          },
          {
            "kind": "TypeNominal",
            "name": "GenericTypeParam",
            "printedName": "τ_0_0"
          },
          {
            "kind": "TypeNominal",
            "name": "String",
            "printedName": "Swift.String",
            "hasDefaultArg": true,
            "usr": "s:SS"
          },
          {
            "kind": "TypeNominal",
            "name": "StaticString",
            "printedName": "Swift.StaticString",
            "hasDefaultArg": true,
            "usr": "s:s12StaticStringV"
          },
          {
            "kind": "TypeNominal",
            "name": "UInt",
            "printedName": "Swift.UInt",
            "hasDefaultArg": true,
            "usr": "s:Su"
          }
        ],
        "declKind": "Func",
        "usr": "s:23_SwiftSyntaxTestSupport14XCTAssertEqual___4file4lineyx_xSSs12StaticStringVSutlF",
        "mangledName": "$s23_SwiftSyntaxTestSupport14XCTAssertEqual___4file4lineyx_xSSs12StaticStringVSutlF",
        "moduleName": "_SwiftSyntaxTestSupport",
        "genericSig": "<τ_0_0>",
        "sugared_genericSig": "<G>",
        "funcSelfKind": "NonMutating"
      },
      {
        "kind": "Import",
        "name": "SwiftParser",
        "printedName": "SwiftParser",
        "declKind": "Import",
        "moduleName": "_SwiftSyntaxTestSupport"
      },
      {
        "kind": "Import",
        "name": "SwiftSyntax",
        "printedName": "SwiftSyntax",
        "declKind": "Import",
        "moduleName": "_SwiftSyntaxTestSupport"
      },
      {
        "kind": "Import",
        "name": "XCTest",
        "printedName": "XCTest",
        "declKind": "Import",
        "moduleName": "_SwiftSyntaxTestSupport"
      },
      {
        "kind": "Function",
        "name": "assertIncrementalParse",
        "printedName": "assertIncrementalParse(_:reusedNodes:file:line:)",
        "children": [
          {
            "kind": "TypeNominal",
            "name": "Void",
            "printedName": "()"
          },
          {
            "kind": "TypeNominal",
            "name": "String",
            "printedName": "Swift.String",
            "usr": "s:SS"
          },
          {
            "kind": "TypeNominal",
            "name": "Array",
            "printedName": "[_SwiftSyntaxTestSupport.ReusedNodeSpec]",
            "children": [
              {
                "kind": "TypeNominal",
                "name": "ReusedNodeSpec",
                "printedName": "_SwiftSyntaxTestSupport.ReusedNodeSpec",
                "usr": "s:23_SwiftSyntaxTestSupport14ReusedNodeSpecV"
              }
            ],
            "hasDefaultArg": true,
            "usr": "s:Sa"
          },
          {
            "kind": "TypeNominal",
            "name": "StaticString",
            "printedName": "Swift.StaticString",
            "hasDefaultArg": true,
            "usr": "s:s12StaticStringV"
          },
          {
            "kind": "TypeNominal",
            "name": "UInt",
            "printedName": "Swift.UInt",
            "hasDefaultArg": true,
            "usr": "s:Su"
          }
        ],
        "declKind": "Func",
        "usr": "s:23_SwiftSyntaxTestSupport22assertIncrementalParse_11reusedNodes4file4lineySS_SayAA14ReusedNodeSpecVGs12StaticStringVSutF",
        "mangledName": "$s23_SwiftSyntaxTestSupport22assertIncrementalParse_11reusedNodes4file4lineySS_SayAA14ReusedNodeSpecVGs12StaticStringVSutF",
        "moduleName": "_SwiftSyntaxTestSupport",
        "declAttributes": [
          "AccessControl",
          "RawDocComment"
        ],
        "funcSelfKind": "NonMutating"
      },
      {
        "kind": "Function",
        "name": "positionRange",
        "printedName": "positionRange(of:in:after:)",
        "children": [
          {
            "kind": "TypeNominal",
            "name": "Optional",
            "printedName": "Swift.Range<SwiftSyntax.AbsolutePosition>?",
            "children": [
              {
                "kind": "TypeNominal",
                "name": "Range",
                "printedName": "Swift.Range<SwiftSyntax.AbsolutePosition>",
                "children": [
                  {
                    "kind": "TypeNominal",
                    "name": "AbsolutePosition",
                    "printedName": "SwiftSyntax.AbsolutePosition",
                    "usr": "s:11SwiftSyntax16AbsolutePositionV"
                  }
                ],
                "usr": "s:Sn"
              }
            ],
            "usr": "s:Sq"
          },
          {
            "kind": "TypeNominal",
            "name": "String",
            "printedName": "Swift.String",
            "usr": "s:SS"
          },
          {
            "kind": "TypeNominal",
            "name": "String",
            "printedName": "Swift.String",
            "usr": "s:SS"
          },
          {
            "kind": "TypeNominal",
            "name": "Index",
            "printedName": "Swift.String.Index",
            "usr": "s:SS5IndexV"
          }
        ],
        "declKind": "Func",
        "usr": "s:23_SwiftSyntaxTestSupport13positionRange2of2in5afterSny0aB016AbsolutePositionVGSgSS_S2S5IndexVtF",
        "mangledName": "$s23_SwiftSyntaxTestSupport13positionRange2of2in5afterSny0aB016AbsolutePositionVGSgSS_S2S5IndexVtF",
        "moduleName": "_SwiftSyntaxTestSupport",
        "declAttributes": [
          "AccessControl"
        ],
        "funcSelfKind": "NonMutating"
      },
      {
        "kind": "TypeDecl",
        "name": "ReusedNodeSpec",
        "printedName": "ReusedNodeSpec",
        "children": [
          {
            "kind": "Var",
            "name": "source",
            "printedName": "source",
            "children": [
              {
                "kind": "TypeNominal",
                "name": "String",
                "printedName": "Swift.String",
                "usr": "s:SS"
              }
            ],
            "declKind": "Var",
            "usr": "s:23_SwiftSyntaxTestSupport14ReusedNodeSpecV6sourceSSvp",
            "mangledName": "$s23_SwiftSyntaxTestSupport14ReusedNodeSpecV6sourceSSvp",
            "moduleName": "_SwiftSyntaxTestSupport",
            "declAttributes": [
              "HasStorage",
              "RawDocComment"
            ],
            "isLet": true,
            "hasStorage": true,
            "accessors": [
              {
                "kind": "Accessor",
                "name": "Get",
                "printedName": "Get()",
                "children": [
                  {
                    "kind": "TypeNominal",
                    "name": "String",
                    "printedName": "Swift.String",
                    "usr": "s:SS"
                  }
                ],
                "declKind": "Accessor",
                "usr": "s:23_SwiftSyntaxTestSupport14ReusedNodeSpecV6sourceSSvg",
                "mangledName": "$s23_SwiftSyntaxTestSupport14ReusedNodeSpecV6sourceSSvg",
                "moduleName": "_SwiftSyntaxTestSupport",
                "implicit": true,
                "accessorKind": "get"
              }
            ]
          },
          {
            "kind": "Var",
            "name": "kind",
            "printedName": "kind",
            "children": [
              {
                "kind": "TypeNominal",
                "name": "SyntaxKind",
                "printedName": "SwiftSyntax.SyntaxKind",
                "usr": "s:11SwiftSyntax0B4KindO"
              }
            ],
            "declKind": "Var",
            "usr": "s:23_SwiftSyntaxTestSupport14ReusedNodeSpecV4kind0aB00B4KindOvp",
            "mangledName": "$s23_SwiftSyntaxTestSupport14ReusedNodeSpecV4kind0aB00B4KindOvp",
            "moduleName": "_SwiftSyntaxTestSupport",
            "declAttributes": [
              "HasStorage",
              "RawDocComment"
            ],
            "isLet": true,
            "hasStorage": true,
            "accessors": [
              {
                "kind": "Accessor",
                "name": "Get",
                "printedName": "Get()",
                "children": [
                  {
                    "kind": "TypeNominal",
                    "name": "SyntaxKind",
                    "printedName": "SwiftSyntax.SyntaxKind",
                    "usr": "s:11SwiftSyntax0B4KindO"
                  }
                ],
                "declKind": "Accessor",
                "usr": "s:23_SwiftSyntaxTestSupport14ReusedNodeSpecV4kind0aB00B4KindOvg",
                "mangledName": "$s23_SwiftSyntaxTestSupport14ReusedNodeSpecV4kind0aB00B4KindOvg",
                "moduleName": "_SwiftSyntaxTestSupport",
                "implicit": true,
                "accessorKind": "get"
              }
            ]
          },
          {
            "kind": "Var",
            "name": "file",
            "printedName": "file",
            "children": [
              {
                "kind": "TypeNominal",
                "name": "StaticString",
                "printedName": "Swift.StaticString",
                "usr": "s:s12StaticStringV"
              }
            ],
            "declKind": "Var",
            "usr": "s:23_SwiftSyntaxTestSupport14ReusedNodeSpecV4files12StaticStringVvp",
            "mangledName": "$s23_SwiftSyntaxTestSupport14ReusedNodeSpecV4files12StaticStringVvp",
            "moduleName": "_SwiftSyntaxTestSupport",
            "declAttributes": [
              "HasStorage",
              "RawDocComment"
            ],
            "isLet": true,
            "hasStorage": true,
            "accessors": [
              {
                "kind": "Accessor",
                "name": "Get",
                "printedName": "Get()",
                "children": [
                  {
                    "kind": "TypeNominal",
                    "name": "StaticString",
                    "printedName": "Swift.StaticString",
                    "usr": "s:s12StaticStringV"
                  }
                ],
                "declKind": "Accessor",
                "usr": "s:23_SwiftSyntaxTestSupport14ReusedNodeSpecV4files12StaticStringVvg",
                "mangledName": "$s23_SwiftSyntaxTestSupport14ReusedNodeSpecV4files12StaticStringVvg",
                "moduleName": "_SwiftSyntaxTestSupport",
                "implicit": true,
                "accessorKind": "get"
              }
            ]
          },
          {
            "kind": "Var",
            "name": "line",
            "printedName": "line",
            "children": [
              {
                "kind": "TypeNominal",
                "name": "UInt",
                "printedName": "Swift.UInt",
                "usr": "s:Su"
              }
            ],
            "declKind": "Var",
            "usr": "s:23_SwiftSyntaxTestSupport14ReusedNodeSpecV4lineSuvp",
            "mangledName": "$s23_SwiftSyntaxTestSupport14ReusedNodeSpecV4lineSuvp",
            "moduleName": "_SwiftSyntaxTestSupport",
            "declAttributes": [
              "HasStorage"
            ],
            "isLet": true,
            "hasStorage": true,
            "accessors": [
              {
                "kind": "Accessor",
                "name": "Get",
                "printedName": "Get()",
                "children": [
                  {
                    "kind": "TypeNominal",
                    "name": "UInt",
                    "printedName": "Swift.UInt",
                    "usr": "s:Su"
                  }
                ],
                "declKind": "Accessor",
                "usr": "s:23_SwiftSyntaxTestSupport14ReusedNodeSpecV4lineSuvg",
                "mangledName": "$s23_SwiftSyntaxTestSupport14ReusedNodeSpecV4lineSuvg",
                "moduleName": "_SwiftSyntaxTestSupport",
                "implicit": true,
                "accessorKind": "get"
              }
            ]
          },
          {
            "kind": "Constructor",
            "name": "init",
            "printedName": "init(_:kind:file:line:)",
            "children": [
              {
                "kind": "TypeNominal",
                "name": "ReusedNodeSpec",
                "printedName": "_SwiftSyntaxTestSupport.ReusedNodeSpec",
                "usr": "s:23_SwiftSyntaxTestSupport14ReusedNodeSpecV"
              },
              {
                "kind": "TypeNominal",
                "name": "String",
                "printedName": "Swift.String",
                "usr": "s:SS"
              },
              {
                "kind": "TypeNominal",
                "name": "SyntaxKind",
                "printedName": "SwiftSyntax.SyntaxKind",
                "usr": "s:11SwiftSyntax0B4KindO"
              },
              {
                "kind": "TypeNominal",
                "name": "StaticString",
                "printedName": "Swift.StaticString",
                "hasDefaultArg": true,
                "usr": "s:s12StaticStringV"
              },
              {
                "kind": "TypeNominal",
                "name": "UInt",
                "printedName": "Swift.UInt",
                "hasDefaultArg": true,
                "usr": "s:Su"
              }
            ],
            "declKind": "Constructor",
            "usr": "s:23_SwiftSyntaxTestSupport14ReusedNodeSpecV_4kind4file4lineACSS_0aB00B4KindOs12StaticStringVSutcfc",
            "mangledName": "$s23_SwiftSyntaxTestSupport14ReusedNodeSpecV_4kind4file4lineACSS_0aB00B4KindOs12StaticStringVSutcfc",
            "moduleName": "_SwiftSyntaxTestSupport",
            "declAttributes": [
              "AccessControl"
            ],
            "init_kind": "Designated"
          }
        ],
        "declKind": "Struct",
        "usr": "s:23_SwiftSyntaxTestSupport14ReusedNodeSpecV",
        "mangledName": "$s23_SwiftSyntaxTestSupport14ReusedNodeSpecV",
        "moduleName": "_SwiftSyntaxTestSupport",
        "declAttributes": [
          "AccessControl",
          "RawDocComment"
        ]
      },
      {
        "kind": "Function",
        "name": "extractEditsAndSources",
        "printedName": "extractEditsAndSources(from:)",
        "children": [
          {
            "kind": "TypeNominal",
            "name": "Tuple",
            "printedName": "(edits: SwiftParser.ConcurrentEdits, originalSource: Swift.Substring, editedSource: Swift.Substring)",
            "children": [
              {
                "kind": "TypeNominal",
                "name": "ConcurrentEdits",
                "printedName": "SwiftParser.ConcurrentEdits",
                "usr": "s:11SwiftParser15ConcurrentEditsV"
              },
              {
                "kind": "TypeNominal",
                "name": "Substring",
                "printedName": "Swift.Substring",
                "usr": "s:Ss"
              },
              {
                "kind": "TypeNominal",
                "name": "Substring",
                "printedName": "Swift.Substring",
                "usr": "s:Ss"
              }
            ]
          },
          {
            "kind": "TypeNominal",
            "name": "String",
            "printedName": "Swift.String",
            "usr": "s:SS"
          }
        ],
        "declKind": "Func",
        "usr": "s:23_SwiftSyntaxTestSupport22extractEditsAndSources4from0A6Parser010ConcurrentF0V5edits_Ss14originalSourceSs06editedN0tSS_tF",
        "mangledName": "$s23_SwiftSyntaxTestSupport22extractEditsAndSources4from0A6Parser010ConcurrentF0V5edits_Ss14originalSourceSs06editedN0tSS_tF",
        "moduleName": "_SwiftSyntaxTestSupport",
        "declAttributes": [
          "AccessControl",
          "RawDocComment"
        ],
        "funcSelfKind": "NonMutating"
      },
      {
        "kind": "Function",
        "name": "applyEdits",
        "printedName": "applyEdits(_:concurrent:to:)",
        "children": [
          {
            "kind": "TypeNominal",
            "name": "String",
            "printedName": "Swift.String",
            "usr": "s:SS"
          },
          {
            "kind": "TypeNominal",
            "name": "Array",
            "printedName": "[SwiftSyntax.SourceEdit]",
            "children": [
              {
                "kind": "TypeNominal",
                "name": "SourceEdit",
                "printedName": "SwiftSyntax.SourceEdit",
                "usr": "s:11SwiftSyntax10SourceEditV"
              }
            ],
            "usr": "s:Sa"
          },
          {
            "kind": "TypeNominal",
            "name": "Bool",
            "printedName": "Swift.Bool",
            "usr": "s:Sb"
          },
          {
            "kind": "TypeNominal",
            "name": "String",
            "printedName": "Swift.String",
            "usr": "s:SS"
          }
        ],
        "declKind": "Func",
        "usr": "s:23_SwiftSyntaxTestSupport10applyEdits_10concurrent2toSSSay0aB010SourceEditVG_SbSStF",
        "mangledName": "$s23_SwiftSyntaxTestSupport10applyEdits_10concurrent2toSSSay0aB010SourceEditVG_SbSStF",
        "moduleName": "_SwiftSyntaxTestSupport",
        "declAttributes": [
          "AccessControl",
          "RawDocComment"
        ],
        "funcSelfKind": "NonMutating"
      },
      {
        "kind": "Function",
        "name": "extractMarkers",
        "printedName": "extractMarkers(_:)",
        "children": [
          {
            "kind": "TypeNominal",
            "name": "Tuple",
            "printedName": "(markers: [Swift.String : Swift.Int], textWithoutMarkers: Swift.String)",
            "children": [
              {
                "kind": "TypeNominal",
                "name": "Dictionary",
                "printedName": "[Swift.String : Swift.Int]",
                "children": [
                  {
                    "kind": "TypeNominal",
                    "name": "String",
                    "printedName": "Swift.String",
                    "usr": "s:SS"
                  },
                  {
                    "kind": "TypeNominal",
                    "name": "Int",
                    "printedName": "Swift.Int",
                    "usr": "s:Si"
                  }
                ],
                "usr": "s:SD"
              },
              {
                "kind": "TypeNominal",
                "name": "String",
                "printedName": "Swift.String",
                "usr": "s:SS"
              }
            ]
          },
          {
            "kind": "TypeNominal",
            "name": "String",
            "printedName": "Swift.String",
            "usr": "s:SS"
          }
        ],
        "declKind": "Func",
        "usr": "s:23_SwiftSyntaxTestSupport14extractMarkersySDySSSiG7markers_SS011textWithoutF0tSSF",
        "mangledName": "$s23_SwiftSyntaxTestSupport14extractMarkersySDySSSiG7markers_SS011textWithoutF0tSSF",
        "moduleName": "_SwiftSyntaxTestSupport",
        "declAttributes": [
          "AccessControl"
        ],
        "funcSelfKind": "NonMutating"
      },
      {
        "kind": "Import",
        "name": "Foundation",
        "printedName": "Foundation",
        "declKind": "Import",
        "moduleName": "_SwiftSyntaxTestSupport"
      },
      {
        "kind": "Var",
        "name": "longTestsDisabled",
        "printedName": "longTestsDisabled",
        "children": [
          {
            "kind": "TypeNominal",
            "name": "Bool",
            "printedName": "Swift.Bool",
            "usr": "s:Sb"
          }
        ],
        "declKind": "Var",
        "usr": "s:23_SwiftSyntaxTestSupport17longTestsDisabledSbvp",
        "mangledName": "$s23_SwiftSyntaxTestSupport17longTestsDisabledSbvp",
        "moduleName": "_SwiftSyntaxTestSupport",
        "declAttributes": [
          "AccessControl"
        ],
        "accessors": [
          {
            "kind": "Accessor",
            "name": "Get",
            "printedName": "Get()",
            "children": [
              {
                "kind": "TypeNominal",
                "name": "Bool",
                "printedName": "Swift.Bool",
                "usr": "s:Sb"
              }
            ],
            "declKind": "Accessor",
            "usr": "s:23_SwiftSyntaxTestSupport17longTestsDisabledSbvg",
            "mangledName": "$s23_SwiftSyntaxTestSupport17longTestsDisabledSbvg",
            "moduleName": "_SwiftSyntaxTestSupport",
            "accessorKind": "get"
          }
        ]
      },
      {
        "kind": "Import",
        "name": "SwiftSyntax",
        "printedName": "SwiftSyntax",
        "declKind": "Import",
        "moduleName": "_SwiftSyntaxTestSupport"
      },
      {
        "kind": "Import",
        "name": "XCTest",
        "printedName": "XCTest",
        "declKind": "Import",
        "moduleName": "_SwiftSyntaxTestSupport"
      },
      {
        "kind": "Function",
        "name": "XCTAssertNext",
        "printedName": "XCTAssertNext(_:satisfies:file:line:)",
        "children": [
          {
            "kind": "TypeNominal",
            "name": "Void",
            "printedName": "()"
          },
          {
            "kind": "TypeNominal",
            "name": "GenericTypeParam",
            "printedName": "τ_0_0",
            "paramValueOwnership": "InOut"
          },
          {
            "kind": "TypeFunc",
            "name": "Function",
            "printedName": "(τ_0_0.Element) throws -> Swift.Bool",
            "children": [
              {
                "kind": "TypeNominal",
                "name": "Bool",
                "printedName": "Swift.Bool",
                "usr": "s:Sb"
              },
              {
                "kind": "TypeNominal",
                "name": "DependentMember",
                "printedName": "τ_0_0.Element"
              }
            ],
            "typeAttributes": [
              "noescape"
            ]
          },
          {
            "kind": "TypeNominal",
            "name": "StaticString",
            "printedName": "Swift.StaticString",
            "hasDefaultArg": true,
            "usr": "s:s12StaticStringV"
          },
          {
            "kind": "TypeNominal",
            "name": "UInt",
            "printedName": "Swift.UInt",
            "hasDefaultArg": true,
            "usr": "s:Su"
          }
        ],
        "declKind": "Func",
        "usr": "s:23_SwiftSyntaxTestSupport13XCTAssertNext_9satisfies4file4lineyxz_Sb7ElementQzKXEs12StaticStringVSutKStRzlF",
        "mangledName": "$s23_SwiftSyntaxTestSupport13XCTAssertNext_9satisfies4file4lineyxz_Sb7ElementQzKXEs12StaticStringVSutKStRzlF",
        "moduleName": "_SwiftSyntaxTestSupport",
        "genericSig": "<τ_0_0 where τ_0_0 : Swift.IteratorProtocol>",
        "sugared_genericSig": "<Iterator where Iterator : Swift.IteratorProtocol>",
        "declAttributes": [
          "AccessControl",
          "RawDocComment"
        ],
        "throwing": true,
        "funcSelfKind": "NonMutating"
      },
      {
        "kind": "Function",
        "name": "XCTAssertNextIsNil",
        "printedName": "XCTAssertNextIsNil(_:)",
        "children": [
          {
            "kind": "TypeNominal",
            "name": "Void",
            "printedName": "()"
          },
          {
            "kind": "TypeNominal",
            "name": "GenericTypeParam",
            "printedName": "τ_0_0",
            "paramValueOwnership": "InOut"
          }
        ],
        "declKind": "Func",
        "usr": "s:23_SwiftSyntaxTestSupport18XCTAssertNextIsNilyyxzStRzlF",
        "mangledName": "$s23_SwiftSyntaxTestSupport18XCTAssertNextIsNilyyxzStRzlF",
        "moduleName": "_SwiftSyntaxTestSupport",
        "genericSig": "<τ_0_0 where τ_0_0 : Swift.IteratorProtocol>",
        "sugared_genericSig": "<Iterator where Iterator : Swift.IteratorProtocol>",
        "declAttributes": [
          "AccessControl",
          "RawDocComment"
        ],
        "funcSelfKind": "NonMutating"
      },
      {
        "kind": "TypeDecl",
        "name": "SubtreeMatcher",
        "printedName": "SubtreeMatcher",
        "children": [
          {
            "kind": "Constructor",
            "name": "init",
            "printedName": "init(_:parse:)",
            "children": [
              {
                "kind": "TypeNominal",
                "name": "SubtreeMatcher",
                "printedName": "_SwiftSyntaxTestSupport.SubtreeMatcher",
                "usr": "s:23_SwiftSyntaxTestSupport14SubtreeMatcherV"
              },
              {
                "kind": "TypeNominal",
                "name": "String",
                "printedName": "Swift.String",
                "usr": "s:SS"
              },
              {
                "kind": "TypeFunc",
                "name": "Function",
                "printedName": "(Swift.String) throws -> SwiftSyntax.Syntax",
                "children": [
                  {
                    "kind": "TypeNominal",
                    "name": "Syntax",
                    "printedName": "SwiftSyntax.Syntax",
                    "usr": "s:11SwiftSyntax0B0V"
                  },
                  {
                    "kind": "TypeNominal",
                    "name": "String",
                    "printedName": "Swift.String",
                    "usr": "s:SS"
                  }
                ],
                "typeAttributes": [
                  "noescape"
                ]
              }
            ],
            "declKind": "Constructor",
            "usr": "s:23_SwiftSyntaxTestSupport14SubtreeMatcherV_5parseACSS_0aB00B0VSSKXEtKcfc",
            "mangledName": "$s23_SwiftSyntaxTestSupport14SubtreeMatcherV_5parseACSS_0aB00B0VSSKXEtKcfc",
            "moduleName": "_SwiftSyntaxTestSupport",
            "declAttributes": [
              "Rethrows",
              "AccessControl"
            ],
            "throwing": true,
            "init_kind": "Designated"
          },
          {
            "kind": "Constructor",
            "name": "init",
            "printedName": "init(_:markers:)",
            "children": [
              {
                "kind": "TypeNominal",
                "name": "SubtreeMatcher",
                "printedName": "_SwiftSyntaxTestSupport.SubtreeMatcher",
                "usr": "s:23_SwiftSyntaxTestSupport14SubtreeMatcherV"
              },
              {
                "kind": "TypeNominal",
                "name": "GenericTypeParam",
                "printedName": "τ_0_0"
              },
              {
                "kind": "TypeNominal",
                "name": "Dictionary",
                "printedName": "[Swift.String : Swift.Int]",
                "children": [
                  {
                    "kind": "TypeNominal",
                    "name": "String",
                    "printedName": "Swift.String",
                    "usr": "s:SS"
                  },
                  {
                    "kind": "TypeNominal",
                    "name": "Int",
                    "printedName": "Swift.Int",
                    "usr": "s:Si"
                  }
                ],
                "usr": "s:SD"
              }
            ],
            "declKind": "Constructor",
            "usr": "s:23_SwiftSyntaxTestSupport14SubtreeMatcherV_7markersACx_SDySSSiGtc0aB00B8ProtocolRzlufc",
            "mangledName": "$s23_SwiftSyntaxTestSupport14SubtreeMatcherV_7markersACx_SDySSSiGtc0aB00B8ProtocolRzlufc",
            "moduleName": "_SwiftSyntaxTestSupport",
            "genericSig": "<τ_0_0 where τ_0_0 : SwiftSyntax.SyntaxProtocol>",
            "declAttributes": [
              "AccessControl"
            ],
            "init_kind": "Designated"
          },
          {
            "kind": "Function",
            "name": "findFirstDifference",
            "printedName": "findFirstDifference(afterMarker:baseline:includeTrivia:)",
            "children": [
              {
                "kind": "TypeNominal",
                "name": "Optional",
                "printedName": "_SwiftSyntaxTestSupport.TreeDifference?",
                "children": [
                  {
                    "kind": "TypeNominal",
                    "name": "TreeDifference",
                    "printedName": "_SwiftSyntaxTestSupport.TreeDifference",
                    "usr": "s:23_SwiftSyntaxTestSupport14TreeDifferenceV"
                  }
                ],
                "usr": "s:Sq"
              },
              {
                "kind": "TypeNominal",
                "name": "Optional",
                "printedName": "Swift.String?",
                "children": [
                  {
                    "kind": "TypeNominal",
                    "name": "String",
                    "printedName": "Swift.String",
                    "usr": "s:SS"
                  }
                ],
                "hasDefaultArg": true,
                "usr": "s:Sq"
              },
              {
                "kind": "TypeNominal",
                "name": "GenericTypeParam",
                "printedName": "τ_0_0"
              },
              {
                "kind": "TypeNominal",
                "name": "Bool",
                "printedName": "Swift.Bool",
                "hasDefaultArg": true,
                "usr": "s:Sb"
              }
            ],
            "declKind": "Func",
            "usr": "s:23_SwiftSyntaxTestSupport14SubtreeMatcherV19findFirstDifference11afterMarker8baseline13includeTriviaAA04TreeI0VSgSSSg_xSbtK0aB00B8ProtocolRzlF",
            "mangledName": "$s23_SwiftSyntaxTestSupport14SubtreeMatcherV19findFirstDifference11afterMarker8baseline13includeTriviaAA04TreeI0VSgSSSg_xSbtK0aB00B8ProtocolRzlF",
            "moduleName": "_SwiftSyntaxTestSupport",
            "genericSig": "<τ_0_0 where τ_0_0 : SwiftSyntax.SyntaxProtocol>",
            "declAttributes": [
              "AccessControl",
              "RawDocComment"
            ],
            "throwing": true,
            "funcSelfKind": "NonMutating"
          },
          {
            "kind": "Function",
            "name": "assertSameStructure",
            "printedName": "assertSameStructure(afterMarker:_:includeTrivia:additionalInfo:file:line:)",
            "children": [
              {
                "kind": "TypeNominal",
                "name": "Void",
                "printedName": "()"
              },
              {
                "kind": "TypeNominal",
                "name": "Optional",
                "printedName": "Swift.String?",
                "children": [
                  {
                    "kind": "TypeNominal",
                    "name": "String",
                    "printedName": "Swift.String",
                    "usr": "s:SS"
                  }
                ],
                "hasDefaultArg": true,
                "usr": "s:Sq"
              },
              {
                "kind": "TypeNominal",
                "name": "GenericTypeParam",
                "printedName": "τ_0_0"
              },
              {
                "kind": "TypeNominal",
                "name": "Bool",
                "printedName": "Swift.Bool",
                "hasDefaultArg": true,
                "usr": "s:Sb"
              },
              {
                "kind": "TypeNominal",
                "name": "Optional",
                "printedName": "Swift.String?",
                "children": [
                  {
                    "kind": "TypeNominal",
                    "name": "String",
                    "printedName": "Swift.String",
                    "usr": "s:SS"
                  }
                ],
                "hasDefaultArg": true,
                "usr": "s:Sq"
              },
              {
                "kind": "TypeNominal",
                "name": "StaticString",
                "printedName": "Swift.StaticString",
                "hasDefaultArg": true,
                "usr": "s:s12StaticStringV"
              },
              {
                "kind": "TypeNominal",
                "name": "UInt",
                "printedName": "Swift.UInt",
                "hasDefaultArg": true,
                "usr": "s:Su"
              }
            ],
            "declKind": "Func",
            "usr": "s:23_SwiftSyntaxTestSupport14SubtreeMatcherV19assertSameStructure11afterMarker_13includeTrivia14additionalInfo4file4lineySSSg_xSbAJs12StaticStringVSutK0aB00B8ProtocolRzlF",
            "mangledName": "$s23_SwiftSyntaxTestSupport14SubtreeMatcherV19assertSameStructure11afterMarker_13includeTrivia14additionalInfo4file4lineySSSg_xSbAJs12StaticStringVSutK0aB00B8ProtocolRzlF",
            "moduleName": "_SwiftSyntaxTestSupport",
            "genericSig": "<τ_0_0 where τ_0_0 : SwiftSyntax.SyntaxProtocol>",
            "declAttributes": [
              "AccessControl",
              "RawDocComment"
            ],
            "throwing": true,
            "funcSelfKind": "NonMutating"
          }
        ],
        "declKind": "Struct",
        "usr": "s:23_SwiftSyntaxTestSupport14SubtreeMatcherV",
        "mangledName": "$s23_SwiftSyntaxTestSupport14SubtreeMatcherV",
        "moduleName": "_SwiftSyntaxTestSupport",
        "declAttributes": [
          "AccessControl",
          "RawDocComment"
        ]
      },
      {
        "kind": "TypeDecl",
        "name": "SubtreeError",
        "printedName": "SubtreeError",
        "children": [
          {
            "kind": "Var",
            "name": "invalidMarker",
            "printedName": "invalidMarker",
            "children": [
              {
                "kind": "TypeFunc",
                "name": "Function",
                "printedName": "(_SwiftSyntaxTestSupport.SubtreeError.Type) -> (Swift.String) -> _SwiftSyntaxTestSupport.SubtreeError",
                "children": [
                  {
                    "kind": "TypeFunc",
                    "name": "Function",
                    "printedName": "(Swift.String) -> _SwiftSyntaxTestSupport.SubtreeError",
                    "children": [
                      {
                        "kind": "TypeNominal",
                        "name": "SubtreeError",
                        "printedName": "_SwiftSyntaxTestSupport.SubtreeError",
                        "usr": "s:23_SwiftSyntaxTestSupport12SubtreeErrorO"
                      },
                      {
                        "kind": "TypeNominal",
                        "name": "Tuple",
                        "printedName": "(name: Swift.String)",
                        "children": [
                          {
                            "kind": "TypeNominal",
                            "name": "String",
                            "printedName": "Swift.String",
                            "usr": "s:SS"
                          }
                        ]
                      }
                    ]
                  },
                  {
                    "kind": "TypeNominal",
                    "name": "Metatype",
                    "printedName": "_SwiftSyntaxTestSupport.SubtreeError.Type",
                    "children": [
                      {
                        "kind": "TypeNominal",
                        "name": "SubtreeError",
                        "printedName": "_SwiftSyntaxTestSupport.SubtreeError",
                        "usr": "s:23_SwiftSyntaxTestSupport12SubtreeErrorO"
                      }
                    ]
                  }
                ]
              }
            ],
            "declKind": "EnumElement",
            "usr": "s:23_SwiftSyntaxTestSupport12SubtreeErrorO13invalidMarkeryACSS_tcACmF",
            "mangledName": "$s23_SwiftSyntaxTestSupport12SubtreeErrorO13invalidMarkeryACSS_tcACmF",
            "moduleName": "_SwiftSyntaxTestSupport"
          },
          {
            "kind": "Var",
            "name": "invalidSubtree",
            "printedName": "invalidSubtree",
            "children": [
              {
                "kind": "TypeFunc",
                "name": "Function",
                "printedName": "(_SwiftSyntaxTestSupport.SubtreeError.Type) -> (SwiftSyntax.Syntax, Swift.Int, Swift.String) -> _SwiftSyntaxTestSupport.SubtreeError",
                "children": [
                  {
                    "kind": "TypeFunc",
                    "name": "Function",
                    "printedName": "(SwiftSyntax.Syntax, Swift.Int, Swift.String) -> _SwiftSyntaxTestSupport.SubtreeError",
                    "children": [
                      {
                        "kind": "TypeNominal",
                        "name": "SubtreeError",
                        "printedName": "_SwiftSyntaxTestSupport.SubtreeError",
                        "usr": "s:23_SwiftSyntaxTestSupport12SubtreeErrorO"
                      },
                      {
                        "kind": "TypeNominal",
                        "name": "Tuple",
                        "printedName": "(tree: SwiftSyntax.Syntax, afterUTF8Offset: Swift.Int, type: Swift.String)",
                        "children": [
                          {
                            "kind": "TypeNominal",
                            "name": "Syntax",
                            "printedName": "SwiftSyntax.Syntax",
                            "usr": "s:11SwiftSyntax0B0V"
                          },
                          {
                            "kind": "TypeNominal",
                            "name": "Int",
                            "printedName": "Swift.Int",
                            "usr": "s:Si"
                          },
                          {
                            "kind": "TypeNominal",
                            "name": "String",
                            "printedName": "Swift.String",
                            "usr": "s:SS"
                          }
                        ]
                      }
                    ]
                  },
                  {
                    "kind": "TypeNominal",
                    "name": "Metatype",
                    "printedName": "_SwiftSyntaxTestSupport.SubtreeError.Type",
                    "children": [
                      {
                        "kind": "TypeNominal",
                        "name": "SubtreeError",
                        "printedName": "_SwiftSyntaxTestSupport.SubtreeError",
                        "usr": "s:23_SwiftSyntaxTestSupport12SubtreeErrorO"
                      }
                    ]
                  }
                ]
              }
            ],
            "declKind": "EnumElement",
            "usr": "s:23_SwiftSyntaxTestSupport12SubtreeErrorO07invalidE0yAC0aB00B0V_SiSStcACmF",
            "mangledName": "$s23_SwiftSyntaxTestSupport12SubtreeErrorO07invalidE0yAC0aB00B0V_SiSStcACmF",
            "moduleName": "_SwiftSyntaxTestSupport"
          },
          {
            "kind": "Var",
            "name": "description",
            "printedName": "description",
            "children": [
              {
                "kind": "TypeNominal",
                "name": "String",
                "printedName": "Swift.String",
                "usr": "s:SS"
              }
            ],
            "declKind": "Var",
            "usr": "s:23_SwiftSyntaxTestSupport12SubtreeErrorO11descriptionSSvp",
            "mangledName": "$s23_SwiftSyntaxTestSupport12SubtreeErrorO11descriptionSSvp",
            "moduleName": "_SwiftSyntaxTestSupport",
            "declAttributes": [
              "AccessControl"
            ],
            "accessors": [
              {
                "kind": "Accessor",
                "name": "Get",
                "printedName": "Get()",
                "children": [
                  {
                    "kind": "TypeNominal",
                    "name": "String",
                    "printedName": "Swift.String",
                    "usr": "s:SS"
                  }
                ],
                "declKind": "Accessor",
                "usr": "s:23_SwiftSyntaxTestSupport12SubtreeErrorO11descriptionSSvg",
                "mangledName": "$s23_SwiftSyntaxTestSupport12SubtreeErrorO11descriptionSSvg",
                "moduleName": "_SwiftSyntaxTestSupport",
                "accessorKind": "get"
              }
            ]
          }
        ],
        "declKind": "Enum",
        "usr": "s:23_SwiftSyntaxTestSupport12SubtreeErrorO",
        "mangledName": "$s23_SwiftSyntaxTestSupport12SubtreeErrorO",
        "moduleName": "_SwiftSyntaxTestSupport",
        "declAttributes": [
          "AccessControl"
        ],
        "conformances": [
          {
            "kind": "Conformance",
            "name": "Error",
            "printedName": "Error",
            "usr": "s:s5ErrorP",
            "mangledName": "$ss5ErrorP"
          },
          {
            "kind": "Conformance",
            "name": "CustomStringConvertible",
            "printedName": "CustomStringConvertible",
            "usr": "s:s23CustomStringConvertibleP",
            "mangledName": "$ss23CustomStringConvertibleP"
          },
          {
            "kind": "Conformance",
            "name": "Sendable",
            "printedName": "Sendable",
            "usr": "s:s8SendableP",
            "mangledName": "$ss8SendableP"
          }
        ]
      },
      {
        "kind": "Import",
        "name": "SwiftSyntax",
        "printedName": "SwiftSyntax",
        "declKind": "Import",
        "moduleName": "_SwiftSyntaxTestSupport"
      },
      {
        "kind": "TypeDecl",
        "name": "DifferenceReason",
        "printedName": "DifferenceReason",
        "children": [
          {
            "kind": "Var",
            "name": "nodeType",
            "printedName": "nodeType",
            "children": [
              {
                "kind": "TypeFunc",
                "name": "Function",
                "printedName": "(_SwiftSyntaxTestSupport.DifferenceReason.Type) -> _SwiftSyntaxTestSupport.DifferenceReason",
                "children": [
                  {
                    "kind": "TypeNominal",
                    "name": "DifferenceReason",
                    "printedName": "_SwiftSyntaxTestSupport.DifferenceReason",
                    "usr": "s:23_SwiftSyntaxTestSupport16DifferenceReasonO"
                  },
                  {
                    "kind": "TypeNominal",
                    "name": "Metatype",
                    "printedName": "_SwiftSyntaxTestSupport.DifferenceReason.Type",
                    "children": [
                      {
                        "kind": "TypeNominal",
                        "name": "DifferenceReason",
                        "printedName": "_SwiftSyntaxTestSupport.DifferenceReason",
                        "usr": "s:23_SwiftSyntaxTestSupport16DifferenceReasonO"
                      }
                    ]
                  }
                ]
              }
            ],
            "declKind": "EnumElement",
            "usr": "s:23_SwiftSyntaxTestSupport16DifferenceReasonO8nodeTypeyA2CmF",
            "mangledName": "$s23_SwiftSyntaxTestSupport16DifferenceReasonO8nodeTypeyA2CmF",
            "moduleName": "_SwiftSyntaxTestSupport"
          },
          {
            "kind": "Var",
            "name": "presence",
            "printedName": "presence",
            "children": [
              {
                "kind": "TypeFunc",
                "name": "Function",
                "printedName": "(_SwiftSyntaxTestSupport.DifferenceReason.Type) -> _SwiftSyntaxTestSupport.DifferenceReason",
                "children": [
                  {
                    "kind": "TypeNominal",
                    "name": "DifferenceReason",
                    "printedName": "_SwiftSyntaxTestSupport.DifferenceReason",
                    "usr": "s:23_SwiftSyntaxTestSupport16DifferenceReasonO"
                  },
                  {
                    "kind": "TypeNominal",
                    "name": "Metatype",
                    "printedName": "_SwiftSyntaxTestSupport.DifferenceReason.Type",
                    "children": [
                      {
                        "kind": "TypeNominal",
                        "name": "DifferenceReason",
                        "printedName": "_SwiftSyntaxTestSupport.DifferenceReason",
                        "usr": "s:23_SwiftSyntaxTestSupport16DifferenceReasonO"
                      }
                    ]
                  }
                ]
              }
            ],
            "declKind": "EnumElement",
            "usr": "s:23_SwiftSyntaxTestSupport16DifferenceReasonO8presenceyA2CmF",
            "mangledName": "$s23_SwiftSyntaxTestSupport16DifferenceReasonO8presenceyA2CmF",
            "moduleName": "_SwiftSyntaxTestSupport"
          },
          {
            "kind": "Var",
            "name": "missingNode",
            "printedName": "missingNode",
            "children": [
              {
                "kind": "TypeFunc",
                "name": "Function",
                "printedName": "(_SwiftSyntaxTestSupport.DifferenceReason.Type) -> _SwiftSyntaxTestSupport.DifferenceReason",
                "children": [
                  {
                    "kind": "TypeNominal",
                    "name": "DifferenceReason",
                    "printedName": "_SwiftSyntaxTestSupport.DifferenceReason",
                    "usr": "s:23_SwiftSyntaxTestSupport16DifferenceReasonO"
                  },
                  {
                    "kind": "TypeNominal",
                    "name": "Metatype",
                    "printedName": "_SwiftSyntaxTestSupport.DifferenceReason.Type",
                    "children": [
                      {
                        "kind": "TypeNominal",
                        "name": "DifferenceReason",
                        "printedName": "_SwiftSyntaxTestSupport.DifferenceReason",
                        "usr": "s:23_SwiftSyntaxTestSupport16DifferenceReasonO"
                      }
                    ]
                  }
                ]
              }
            ],
            "declKind": "EnumElement",
            "usr": "s:23_SwiftSyntaxTestSupport16DifferenceReasonO11missingNodeyA2CmF",
            "mangledName": "$s23_SwiftSyntaxTestSupport16DifferenceReasonO11missingNodeyA2CmF",
            "moduleName": "_SwiftSyntaxTestSupport"
          },
          {
            "kind": "Var",
            "name": "additionalNode",
            "printedName": "additionalNode",
            "children": [
              {
                "kind": "TypeFunc",
                "name": "Function",
                "printedName": "(_SwiftSyntaxTestSupport.DifferenceReason.Type) -> _SwiftSyntaxTestSupport.DifferenceReason",
                "children": [
                  {
                    "kind": "TypeNominal",
                    "name": "DifferenceReason",
                    "printedName": "_SwiftSyntaxTestSupport.DifferenceReason",
                    "usr": "s:23_SwiftSyntaxTestSupport16DifferenceReasonO"
                  },
                  {
                    "kind": "TypeNominal",
                    "name": "Metatype",
                    "printedName": "_SwiftSyntaxTestSupport.DifferenceReason.Type",
                    "children": [
                      {
                        "kind": "TypeNominal",
                        "name": "DifferenceReason",
                        "printedName": "_SwiftSyntaxTestSupport.DifferenceReason",
                        "usr": "s:23_SwiftSyntaxTestSupport16DifferenceReasonO"
                      }
                    ]
                  }
                ]
              }
            ],
            "declKind": "EnumElement",
            "usr": "s:23_SwiftSyntaxTestSupport16DifferenceReasonO14additionalNodeyA2CmF",
            "mangledName": "$s23_SwiftSyntaxTestSupport16DifferenceReasonO14additionalNodeyA2CmF",
            "moduleName": "_SwiftSyntaxTestSupport"
          },
          {
            "kind": "Var",
            "name": "trivia",
            "printedName": "trivia",
            "children": [
              {
                "kind": "TypeFunc",
                "name": "Function",
                "printedName": "(_SwiftSyntaxTestSupport.DifferenceReason.Type) -> _SwiftSyntaxTestSupport.DifferenceReason",
                "children": [
                  {
                    "kind": "TypeNominal",
                    "name": "DifferenceReason",
                    "printedName": "_SwiftSyntaxTestSupport.DifferenceReason",
                    "usr": "s:23_SwiftSyntaxTestSupport16DifferenceReasonO"
                  },
                  {
                    "kind": "TypeNominal",
                    "name": "Metatype",
                    "printedName": "_SwiftSyntaxTestSupport.DifferenceReason.Type",
                    "children": [
                      {
                        "kind": "TypeNominal",
                        "name": "DifferenceReason",
                        "printedName": "_SwiftSyntaxTestSupport.DifferenceReason",
                        "usr": "s:23_SwiftSyntaxTestSupport16DifferenceReasonO"
                      }
                    ]
                  }
                ]
              }
            ],
            "declKind": "EnumElement",
            "usr": "s:23_SwiftSyntaxTestSupport16DifferenceReasonO6triviayA2CmF",
            "mangledName": "$s23_SwiftSyntaxTestSupport16DifferenceReasonO6triviayA2CmF",
            "moduleName": "_SwiftSyntaxTestSupport"
          },
          {
            "kind": "Var",
            "name": "token",
            "printedName": "token",
            "children": [
              {
                "kind": "TypeFunc",
                "name": "Function",
                "printedName": "(_SwiftSyntaxTestSupport.DifferenceReason.Type) -> _SwiftSyntaxTestSupport.DifferenceReason",
                "children": [
                  {
                    "kind": "TypeNominal",
                    "name": "DifferenceReason",
                    "printedName": "_SwiftSyntaxTestSupport.DifferenceReason",
                    "usr": "s:23_SwiftSyntaxTestSupport16DifferenceReasonO"
                  },
                  {
                    "kind": "TypeNominal",
                    "name": "Metatype",
                    "printedName": "_SwiftSyntaxTestSupport.DifferenceReason.Type",
                    "children": [
                      {
                        "kind": "TypeNominal",
                        "name": "DifferenceReason",
                        "printedName": "_SwiftSyntaxTestSupport.DifferenceReason",
                        "usr": "s:23_SwiftSyntaxTestSupport16DifferenceReasonO"
                      }
                    ]
                  }
                ]
              }
            ],
            "declKind": "EnumElement",
            "usr": "s:23_SwiftSyntaxTestSupport16DifferenceReasonO5tokenyA2CmF",
            "mangledName": "$s23_SwiftSyntaxTestSupport16DifferenceReasonO5tokenyA2CmF",
            "moduleName": "_SwiftSyntaxTestSupport"
          },
          {
            "kind": "Function",
            "name": "==",
            "printedName": "==(_:_:)",
            "children": [
              {
                "kind": "TypeNominal",
                "name": "Bool",
                "printedName": "Swift.Bool",
                "usr": "s:Sb"
              },
              {
                "kind": "TypeNominal",
                "name": "DifferenceReason",
                "printedName": "_SwiftSyntaxTestSupport.DifferenceReason",
                "usr": "s:23_SwiftSyntaxTestSupport16DifferenceReasonO"
              },
              {
                "kind": "TypeNominal",
                "name": "DifferenceReason",
                "printedName": "_SwiftSyntaxTestSupport.DifferenceReason",
                "usr": "s:23_SwiftSyntaxTestSupport16DifferenceReasonO"
              }
            ],
            "declKind": "Func",
            "usr": "s:23_SwiftSyntaxTestSupport16DifferenceReasonO2eeoiySbAC_ACtFZ",
            "mangledName": "$s23_SwiftSyntaxTestSupport16DifferenceReasonO2eeoiySbAC_ACtFZ",
            "moduleName": "_SwiftSyntaxTestSupport",
            "static": true,
            "implicit": true,
            "funcSelfKind": "NonMutating"
          },
          {
            "kind": "Var",
            "name": "hashValue",
            "printedName": "hashValue",
            "children": [
              {
                "kind": "TypeNominal",
                "name": "Int",
                "printedName": "Swift.Int",
                "usr": "s:Si"
              }
            ],
            "declKind": "Var",
            "usr": "s:23_SwiftSyntaxTestSupport16DifferenceReasonO9hashValueSivp",
            "mangledName": "$s23_SwiftSyntaxTestSupport16DifferenceReasonO9hashValueSivp",
            "moduleName": "_SwiftSyntaxTestSupport",
            "implicit": true,
            "accessors": [
              {
                "kind": "Accessor",
                "name": "Get",
                "printedName": "Get()",
                "children": [
                  {
                    "kind": "TypeNominal",
                    "name": "Int",
                    "printedName": "Swift.Int",
                    "usr": "s:Si"
                  }
                ],
                "declKind": "Accessor",
                "usr": "s:23_SwiftSyntaxTestSupport16DifferenceReasonO9hashValueSivg",
                "mangledName": "$s23_SwiftSyntaxTestSupport16DifferenceReasonO9hashValueSivg",
                "moduleName": "_SwiftSyntaxTestSupport",
                "implicit": true,
                "accessorKind": "get"
              }
            ]
          },
          {
            "kind": "Function",
            "name": "hash",
            "printedName": "hash(into:)",
            "children": [
              {
                "kind": "TypeNominal",
                "name": "Void",
                "printedName": "()"
              },
              {
                "kind": "TypeNominal",
                "name": "Hasher",
                "printedName": "Swift.Hasher",
                "paramValueOwnership": "InOut",
                "usr": "s:s6HasherV"
              }
            ],
            "declKind": "Func",
            "usr": "s:23_SwiftSyntaxTestSupport16DifferenceReasonO4hash4intoys6HasherVz_tF",
            "mangledName": "$s23_SwiftSyntaxTestSupport16DifferenceReasonO4hash4intoys6HasherVz_tF",
            "moduleName": "_SwiftSyntaxTestSupport",
            "implicit": true,
            "funcSelfKind": "NonMutating"
          }
        ],
        "declKind": "Enum",
        "usr": "s:23_SwiftSyntaxTestSupport16DifferenceReasonO",
        "mangledName": "$s23_SwiftSyntaxTestSupport16DifferenceReasonO",
        "moduleName": "_SwiftSyntaxTestSupport",
        "declAttributes": [
          "AccessControl"
        ],
        "conformances": [
          {
            "kind": "Conformance",
            "name": "Equatable",
            "printedName": "Equatable",
            "usr": "s:SQ",
            "mangledName": "$sSQ"
          },
          {
            "kind": "Conformance",
            "name": "Hashable",
            "printedName": "Hashable",
            "usr": "s:SH",
            "mangledName": "$sSH"
          }
        ]
      },
      {
        "kind": "TypeDecl",
        "name": "TreeDifference",
        "printedName": "TreeDifference",
        "children": [
          {
            "kind": "Var",
            "name": "node",
            "printedName": "node",
            "children": [
              {
                "kind": "TypeNominal",
                "name": "Syntax",
                "printedName": "SwiftSyntax.Syntax",
                "usr": "s:11SwiftSyntax0B0V"
              }
            ],
            "declKind": "Var",
            "usr": "s:23_SwiftSyntaxTestSupport14TreeDifferenceV4node0aB00B0Vvp",
            "mangledName": "$s23_SwiftSyntaxTestSupport14TreeDifferenceV4node0aB00B0Vvp",
            "moduleName": "_SwiftSyntaxTestSupport",
            "declAttributes": [
              "HasStorage",
              "AccessControl",
              "RawDocComment"
            ],
            "isLet": true,
            "hasStorage": true,
            "accessors": [
              {
                "kind": "Accessor",
                "name": "Get",
                "printedName": "Get()",
                "children": [
                  {
                    "kind": "TypeNominal",
                    "name": "Syntax",
                    "printedName": "SwiftSyntax.Syntax",
                    "usr": "s:11SwiftSyntax0B0V"
                  }
                ],
                "declKind": "Accessor",
                "usr": "s:23_SwiftSyntaxTestSupport14TreeDifferenceV4node0aB00B0Vvg",
                "mangledName": "$s23_SwiftSyntaxTestSupport14TreeDifferenceV4node0aB00B0Vvg",
                "moduleName": "_SwiftSyntaxTestSupport",
                "implicit": true,
                "accessorKind": "get"
              }
            ]
          },
          {
            "kind": "Var",
            "name": "baseline",
            "printedName": "baseline",
            "children": [
              {
                "kind": "TypeNominal",
                "name": "Syntax",
                "printedName": "SwiftSyntax.Syntax",
                "usr": "s:11SwiftSyntax0B0V"
              }
            ],
            "declKind": "Var",
            "usr": "s:23_SwiftSyntaxTestSupport14TreeDifferenceV8baseline0aB00B0Vvp",
            "mangledName": "$s23_SwiftSyntaxTestSupport14TreeDifferenceV8baseline0aB00B0Vvp",
            "moduleName": "_SwiftSyntaxTestSupport",
            "declAttributes": [
              "HasStorage",
              "AccessControl",
              "RawDocComment"
            ],
            "isLet": true,
            "hasStorage": true,
            "accessors": [
              {
                "kind": "Accessor",
                "name": "Get",
                "printedName": "Get()",
                "children": [
                  {
                    "kind": "TypeNominal",
                    "name": "Syntax",
                    "printedName": "SwiftSyntax.Syntax",
                    "usr": "s:11SwiftSyntax0B0V"
                  }
                ],
                "declKind": "Accessor",
                "usr": "s:23_SwiftSyntaxTestSupport14TreeDifferenceV8baseline0aB00B0Vvg",
                "mangledName": "$s23_SwiftSyntaxTestSupport14TreeDifferenceV8baseline0aB00B0Vvg",
                "moduleName": "_SwiftSyntaxTestSupport",
                "implicit": true,
                "accessorKind": "get"
              }
            ]
          },
          {
            "kind": "Var",
            "name": "reason",
            "printedName": "reason",
            "children": [
              {
                "kind": "TypeNominal",
                "name": "DifferenceReason",
                "printedName": "_SwiftSyntaxTestSupport.DifferenceReason",
                "usr": "s:23_SwiftSyntaxTestSupport16DifferenceReasonO"
              }
            ],
            "declKind": "Var",
            "usr": "s:23_SwiftSyntaxTestSupport14TreeDifferenceV6reasonAA0F6ReasonOvp",
            "mangledName": "$s23_SwiftSyntaxTestSupport14TreeDifferenceV6reasonAA0F6ReasonOvp",
            "moduleName": "_SwiftSyntaxTestSupport",
            "declAttributes": [
              "HasStorage",
              "AccessControl"
            ],
            "isLet": true,
            "hasStorage": true,
            "accessors": [
              {
                "kind": "Accessor",
                "name": "Get",
                "printedName": "Get()",
                "children": [
                  {
                    "kind": "TypeNominal",
                    "name": "DifferenceReason",
                    "printedName": "_SwiftSyntaxTestSupport.DifferenceReason",
                    "usr": "s:23_SwiftSyntaxTestSupport16DifferenceReasonO"
                  }
                ],
                "declKind": "Accessor",
                "usr": "s:23_SwiftSyntaxTestSupport14TreeDifferenceV6reasonAA0F6ReasonOvg",
                "mangledName": "$s23_SwiftSyntaxTestSupport14TreeDifferenceV6reasonAA0F6ReasonOvg",
                "moduleName": "_SwiftSyntaxTestSupport",
                "implicit": true,
                "accessorKind": "get"
              }
            ]
          },
          {
            "kind": "Constructor",
            "name": "init",
            "printedName": "init(node:baseline:reason:)",
            "children": [
              {
                "kind": "TypeNominal",
                "name": "TreeDifference",
                "printedName": "_SwiftSyntaxTestSupport.TreeDifference",
                "usr": "s:23_SwiftSyntaxTestSupport14TreeDifferenceV"
              },
              {
                "kind": "TypeNominal",
                "name": "GenericTypeParam",
                "printedName": "τ_0_0"
              },
              {
                "kind": "TypeNominal",
                "name": "GenericTypeParam",
                "printedName": "τ_0_1"
              },
              {
                "kind": "TypeNominal",
                "name": "DifferenceReason",
                "printedName": "_SwiftSyntaxTestSupport.DifferenceReason",
                "usr": "s:23_SwiftSyntaxTestSupport16DifferenceReasonO"
              }
            ],
            "declKind": "Constructor",
            "usr": "s:23_SwiftSyntaxTestSupport14TreeDifferenceV4node8baseline6reasonACx_q_AA0F6ReasonOtc0aB00B8ProtocolRzAiJR_r0_lufc",
            "mangledName": "$s23_SwiftSyntaxTestSupport14TreeDifferenceV4node8baseline6reasonACx_q_AA0F6ReasonOtc0aB00B8ProtocolRzAiJR_r0_lufc",
            "moduleName": "_SwiftSyntaxTestSupport",
            "genericSig": "<τ_0_0, τ_0_1 where τ_0_0 : SwiftSyntax.SyntaxProtocol, τ_0_1 : SwiftSyntax.SyntaxProtocol>",
            "declAttributes": [
              "AccessControl"
            ],
            "init_kind": "Designated"
          },
          {
            "kind": "Var",
            "name": "debugDescription",
            "printedName": "debugDescription",
            "children": [
              {
                "kind": "TypeNominal",
                "name": "String",
                "printedName": "Swift.String",
                "usr": "s:SS"
              }
            ],
            "declKind": "Var",
            "usr": "s:23_SwiftSyntaxTestSupport14TreeDifferenceV16debugDescriptionSSvp",
            "mangledName": "$s23_SwiftSyntaxTestSupport14TreeDifferenceV16debugDescriptionSSvp",
            "moduleName": "_SwiftSyntaxTestSupport",
            "declAttributes": [
              "AccessControl"
            ],
            "isFromExtension": true,
            "accessors": [
              {
                "kind": "Accessor",
                "name": "Get",
                "printedName": "Get()",
                "children": [
                  {
                    "kind": "TypeNominal",
                    "name": "String",
                    "printedName": "Swift.String",
                    "usr": "s:SS"
                  }
                ],
                "declKind": "Accessor",
                "usr": "s:23_SwiftSyntaxTestSupport14TreeDifferenceV16debugDescriptionSSvg",
                "mangledName": "$s23_SwiftSyntaxTestSupport14TreeDifferenceV16debugDescriptionSSvg",
                "moduleName": "_SwiftSyntaxTestSupport",
                "isFromExtension": true,
                "accessorKind": "get"
              }
            ]
          }
        ],
        "declKind": "Struct",
        "usr": "s:23_SwiftSyntaxTestSupport14TreeDifferenceV",
        "mangledName": "$s23_SwiftSyntaxTestSupport14TreeDifferenceV",
        "moduleName": "_SwiftSyntaxTestSupport",
        "declAttributes": [
          "AccessControl"
        ],
        "conformances": [
          {
            "kind": "Conformance",
            "name": "CustomDebugStringConvertible",
            "printedName": "CustomDebugStringConvertible",
            "usr": "s:s28CustomDebugStringConvertibleP",
            "mangledName": "$ss28CustomDebugStringConvertibleP"
          }
        ]
      },
      {
        "kind": "Import",
        "name": "SwiftBasicFormat",
        "printedName": "SwiftBasicFormat",
        "declKind": "Import",
        "moduleName": "_SwiftSyntaxTestSupport"
      },
      {
        "kind": "Import",
        "name": "SwiftParser",
        "printedName": "SwiftParser",
        "declKind": "Import",
        "moduleName": "_SwiftSyntaxTestSupport",
        "declAttributes": [
          "SPIAccessControl"
        ]
      },
      {
        "kind": "Import",
        "name": "SwiftSyntax",
        "printedName": "SwiftSyntax",
        "declKind": "Import",
        "moduleName": "_SwiftSyntaxTestSupport",
        "declAttributes": [
          "SPIAccessControl"
        ]
      },
      {
        "kind": "Import",
        "name": "SwiftSyntaxBuilder",
        "printedName": "SwiftSyntaxBuilder",
        "declKind": "Import",
        "moduleName": "_SwiftSyntaxTestSupport"
      },
      {
        "kind": "TypeDecl",
        "name": "Character",
        "printedName": "Character",
        "children": [
          {
            "kind": "Var",
            "name": "isMarkerEmoji",
            "printedName": "isMarkerEmoji",
            "children": [
              {
                "kind": "TypeNominal",
                "name": "Bool",
                "printedName": "Swift.Bool",
                "usr": "s:Sb"
              }
            ],
            "declKind": "Var",
            "usr": "s:SJ23_SwiftSyntaxTestSupportE13isMarkerEmojiSbvp",
            "mangledName": "$sSJ23_SwiftSyntaxTestSupportE13isMarkerEmojiSbvp",
            "moduleName": "_SwiftSyntaxTestSupport",
            "isFromExtension": true,
            "accessors": [
              {
                "kind": "Accessor",
                "name": "Get",
                "printedName": "Get()",
                "children": [
                  {
                    "kind": "TypeNominal",
                    "name": "Bool",
                    "printedName": "Swift.Bool",
                    "usr": "s:Sb"
                  }
                ],
                "declKind": "Accessor",
                "usr": "s:SJ23_SwiftSyntaxTestSupportE13isMarkerEmojiSbvg",
                "mangledName": "$sSJ23_SwiftSyntaxTestSupportE13isMarkerEmojiSbvg",
                "moduleName": "_SwiftSyntaxTestSupport",
                "isFromExtension": true,
                "accessorKind": "get"
              }
            ]
          }
        ],
        "declKind": "Struct",
        "usr": "s:SJ",
        "mangledName": "$sSJ",
        "moduleName": "Swift",
        "declAttributes": [
          "Frozen"
        ],
        "isExternal": true,
        "conformances": [
          {
            "kind": "Conformance",
            "name": "Sendable",
            "printedName": "Sendable",
            "usr": "s:s8SendableP",
            "mangledName": "$ss8SendableP"
          },
          {
            "kind": "Conformance",
            "name": "_ExpressibleByBuiltinExtendedGraphemeClusterLiteral",
            "printedName": "_ExpressibleByBuiltinExtendedGraphemeClusterLiteral",
            "usr": "s:s51_ExpressibleByBuiltinExtendedGraphemeClusterLiteralP",
            "mangledName": "$ss51_ExpressibleByBuiltinExtendedGraphemeClusterLiteralP"
          },
          {
            "kind": "Conformance",
            "name": "ExpressibleByExtendedGraphemeClusterLiteral",
            "printedName": "ExpressibleByExtendedGraphemeClusterLiteral",
            "children": [
              {
                "kind": "TypeWitness",
                "name": "ExtendedGraphemeClusterLiteralType",
                "printedName": "ExtendedGraphemeClusterLiteralType",
                "children": [
                  {
                    "kind": "TypeNominal",
                    "name": "Character",
                    "printedName": "Swift.Character",
                    "usr": "s:SJ"
                  }
                ]
              }
            ],
            "usr": "s:s43ExpressibleByExtendedGraphemeClusterLiteralP",
            "mangledName": "$ss43ExpressibleByExtendedGraphemeClusterLiteralP"
          },
          {
            "kind": "Conformance",
            "name": "_ExpressibleByBuiltinUnicodeScalarLiteral",
            "printedName": "_ExpressibleByBuiltinUnicodeScalarLiteral",
            "usr": "s:s41_ExpressibleByBuiltinUnicodeScalarLiteralP",
            "mangledName": "$ss41_ExpressibleByBuiltinUnicodeScalarLiteralP"
          },
          {
            "kind": "Conformance",
            "name": "ExpressibleByUnicodeScalarLiteral",
            "printedName": "ExpressibleByUnicodeScalarLiteral",
            "children": [
              {
                "kind": "TypeWitness",
                "name": "UnicodeScalarLiteralType",
                "printedName": "UnicodeScalarLiteralType",
                "children": [
                  {
                    "kind": "TypeNominal",
                    "name": "Character",
                    "printedName": "Swift.Character",
                    "usr": "s:SJ"
                  }
                ]
              }
            ],
            "usr": "s:s33ExpressibleByUnicodeScalarLiteralP",
            "mangledName": "$ss33ExpressibleByUnicodeScalarLiteralP"
          },
          {
            "kind": "Conformance",
            "name": "CustomStringConvertible",
            "printedName": "CustomStringConvertible",
            "usr": "s:s23CustomStringConvertibleP",
            "mangledName": "$ss23CustomStringConvertibleP"
          },
          {
            "kind": "Conformance",
            "name": "LosslessStringConvertible",
            "printedName": "LosslessStringConvertible",
            "usr": "s:s25LosslessStringConvertibleP",
            "mangledName": "$ss25LosslessStringConvertibleP"
          },
          {
            "kind": "Conformance",
            "name": "CustomDebugStringConvertible",
            "printedName": "CustomDebugStringConvertible",
            "usr": "s:s28CustomDebugStringConvertibleP",
            "mangledName": "$ss28CustomDebugStringConvertibleP"
          },
          {
            "kind": "Conformance",
            "name": "Equatable",
            "printedName": "Equatable",
            "usr": "s:SQ",
            "mangledName": "$sSQ"
          },
          {
            "kind": "Conformance",
            "name": "Comparable",
            "printedName": "Comparable",
            "usr": "s:SL",
            "mangledName": "$sSL"
          },
          {
            "kind": "Conformance",
            "name": "Hashable",
            "printedName": "Hashable",
            "usr": "s:SH",
            "mangledName": "$sSH"
          },
          {
            "kind": "Conformance",
            "name": "CustomReflectable",
            "printedName": "CustomReflectable",
            "usr": "s:s17CustomReflectableP",
            "mangledName": "$ss17CustomReflectableP"
          },
          {
            "kind": "Conformance",
            "name": "_CustomPlaygroundQuickLookable",
            "printedName": "_CustomPlaygroundQuickLookable",
            "usr": "s:s30_CustomPlaygroundQuickLookableP",
            "mangledName": "$ss30_CustomPlaygroundQuickLookableP"
          },
          {
            "kind": "Conformance",
            "name": "TextOutputStreamable",
            "printedName": "TextOutputStreamable",
            "usr": "s:s20TextOutputStreamableP",
            "mangledName": "$ss20TextOutputStreamableP"
          }
        ]
      },
      {
        "kind": "TypeDecl",
        "name": "SyntaxProtocol",
        "printedName": "SyntaxProtocol",
        "children": [
          {
            "kind": "Function",
            "name": "findFirstDifference",
            "printedName": "findFirstDifference(baseline:includeTrivia:)",
            "children": [
              {
                "kind": "TypeNominal",
                "name": "Optional",
                "printedName": "_SwiftSyntaxTestSupport.TreeDifference?",
                "children": [
                  {
                    "kind": "TypeNominal",
                    "name": "TreeDifference",
                    "printedName": "_SwiftSyntaxTestSupport.TreeDifference",
                    "usr": "s:23_SwiftSyntaxTestSupport14TreeDifferenceV"
                  }
                ],
                "usr": "s:Sq"
              },
              {
                "kind": "TypeNominal",
                "name": "GenericTypeParam",
                "printedName": "τ_1_0"
              },
              {
                "kind": "TypeNominal",
                "name": "Bool",
                "printedName": "Swift.Bool",
                "hasDefaultArg": true,
                "usr": "s:Sb"
              }
            ],
            "declKind": "Func",
            "usr": "s:11SwiftSyntax0B8ProtocolP01_aB11TestSupportE19findFirstDifference8baseline13includeTriviaAD04TreeH0VSgqd___SbtAaBRd__lF",
            "mangledName": "$s11SwiftSyntax0B8ProtocolP01_aB11TestSupportE19findFirstDifference8baseline13includeTriviaAD04TreeH0VSgqd___SbtAaBRd__lF",
            "moduleName": "_SwiftSyntaxTestSupport",
            "genericSig": "<τ_0_0, τ_1_0 where τ_0_0 : SwiftSyntax.SyntaxProtocol, τ_1_0 : SwiftSyntax.SyntaxProtocol>",
            "sugared_genericSig": "<Self where Self : SwiftSyntax.SyntaxProtocol>",
            "declAttributes": [
              "AccessControl",
              "RawDocComment"
            ],
            "isFromExtension": true,
            "funcSelfKind": "NonMutating"
          },
          {
            "kind": "Function",
            "name": "debugInitCall",
            "printedName": "debugInitCall(includeTrivia:)",
            "children": [
              {
                "kind": "TypeNominal",
                "name": "String",
                "printedName": "Swift.String",
                "usr": "s:SS"
              },
              {
                "kind": "TypeNominal",
                "name": "Bool",
                "printedName": "Swift.Bool",
                "hasDefaultArg": true,
                "usr": "s:Sb"
              }
            ],
            "declKind": "Func",
            "usr": "s:11SwiftSyntax0B8ProtocolP01_aB11TestSupportE13debugInitCall13includeTriviaSSSb_tF",
            "mangledName": "$s11SwiftSyntax0B8ProtocolP01_aB11TestSupportE13debugInitCall13includeTriviaSSSb_tF",
            "moduleName": "_SwiftSyntaxTestSupport",
            "genericSig": "<τ_0_0 where τ_0_0 : SwiftSyntax.SyntaxProtocol>",
            "sugared_genericSig": "<Self where Self : SwiftSyntax.SyntaxProtocol>",
            "deprecated": true,
            "declAttributes": [
              "AccessControl",
              "Available",
              "RawDocComment"
            ],
            "isFromExtension": true,
            "funcSelfKind": "NonMutating"
          }
        ],
        "declKind": "Protocol",
        "usr": "s:11SwiftSyntax0B8ProtocolP",
        "mangledName": "$s11SwiftSyntax0B8ProtocolP",
        "moduleName": "SwiftSyntax",
        "genericSig": "<τ_0_0 : Swift.CustomDebugStringConvertible, τ_0_0 : Swift.CustomReflectable, τ_0_0 : Swift.CustomStringConvertible, τ_0_0 : Swift.Sendable, τ_0_0 : Swift.TextOutputStreamable>",
        "sugared_genericSig": "<Self : Swift.CustomDebugStringConvertible, Self : Swift.CustomReflectable, Self : Swift.CustomStringConvertible, Self : Swift.Sendable, Self : Swift.TextOutputStreamable>",
        "isExternal": true,
        "conformances": [
          {
            "kind": "Conformance",
            "name": "Sendable",
            "printedName": "Sendable",
            "usr": "s:s8SendableP",
            "mangledName": "$ss8SendableP"
          },
          {
            "kind": "Conformance",
            "name": "CustomReflectable",
            "printedName": "CustomReflectable",
            "usr": "s:s17CustomReflectableP",
            "mangledName": "$ss17CustomReflectableP"
          },
          {
            "kind": "Conformance",
            "name": "TextOutputStreamable",
            "printedName": "TextOutputStreamable",
            "usr": "s:s20TextOutputStreamableP",
            "mangledName": "$ss20TextOutputStreamableP"
          },
          {
            "kind": "Conformance",
            "name": "CustomDebugStringConvertible",
            "printedName": "CustomDebugStringConvertible",
            "usr": "s:s28CustomDebugStringConvertibleP",
            "mangledName": "$ss28CustomDebugStringConvertibleP"
          },
          {
            "kind": "Conformance",
            "name": "CustomStringConvertible",
            "printedName": "CustomStringConvertible",
            "usr": "s:s23CustomStringConvertibleP",
            "mangledName": "$ss23CustomStringConvertibleP"
          }
        ]
      }
    ],
    "json_format_version": 8
  },
  "ConstValues": [
    {
      "filePath": "\/tmp\/swift-syntax\/Sources\/_SwiftSyntaxTestSupport\/AssertEqualWithDiff.swift",
      "kind": "StringLiteral",
      "offset": 1439,
      "length": 2,
      "value": "\"\""
    },
    {
      "filePath": "\/tmp\/swift-syntax\/Sources\/_SwiftSyntaxTestSupport\/AssertEqualWithDiff.swift",
      "kind": "StringLiteral",
      "offset": 2733,
      "length": 2,
      "value": "\"\""
    },
    {
      "filePath": "\/tmp\/swift-syntax\/Sources\/_SwiftSyntaxTestSupport\/AssertEqualWithDiff.swift",
      "kind": "StringLiteral",
      "offset": 3538,
      "length": 3,
      "value": "\"?\""
    },
    {
      "filePath": "\/tmp\/swift-syntax\/Sources\/_SwiftSyntaxTestSupport\/AssertEqualWithDiff.swift",
      "kind": "StringLiteral",
      "offset": 3854,
      "length": 3,
      "value": "\"?\""
    },
    {
      "filePath": "\/tmp\/swift-syntax\/Sources\/_SwiftSyntaxTestSupport\/IncrementalParseTestUtils.swift",
      "kind": "Array",
      "offset": 1549,
      "length": 2,
      "value": "[]"
    },
    {
      "filePath": "\/tmp\/swift-syntax\/Sources\/_SwiftSyntaxTestSupport\/Syntax+Assertions.swift",
      "kind": "BooleanLiteral",
      "offset": 3998,
      "length": 5,
      "value": "false"
    },
    {
      "filePath": "\/tmp\/swift-syntax\/Sources\/_SwiftSyntaxTestSupport\/Syntax+Assertions.swift",
      "kind": "BooleanLiteral",
      "offset": 4937,
      "length": 5,
      "value": "false"
    },
    {
      "filePath": "\/tmp\/swift-syntax\/Sources\/_SwiftSyntaxTestSupport\/Syntax+Assertions.swift",
      "kind": "StringLiteral",
      "offset": 6001,
      "length": 16,
      "value": "\"_SwiftSyntaxTestSupport.SyntaxTypeFinder\""
    },
    {
      "filePath": "\/tmp\/swift-syntax\/Sources\/_SwiftSyntaxTestSupport\/SyntaxComparison.swift",
      "kind": "BooleanLiteral",
      "offset": 3226,
      "length": 5,
      "value": "false"
    },
    {
      "filePath": "\/tmp\/swift-syntax\/Sources\/_SwiftSyntaxTestSupport\/SyntaxComparison.swift",
      "kind": "BooleanLiteral",
      "offset": 4120,
      "length": 5,
      "value": "false"
    },
    {
      "filePath": "\/tmp\/swift-syntax\/Sources\/_SwiftSyntaxTestSupport\/SyntaxProtocol+Initializer.swift",
      "kind": "StringLiteral",
      "offset": 837,
      "length": 21,
      "value": "\"_SwiftSyntaxTestSupport.InitializerExprFormat\""
    },
    {
      "filePath": "\/tmp\/swift-syntax\/Sources\/_SwiftSyntaxTestSupport\/SyntaxProtocol+Initializer.swift",
      "kind": "BooleanLiteral",
      "offset": 4713,
      "length": 4,
      "value": "true"
    }
  ]
}